CMNO,SAN MIGUEL DE GENETO (TRV.7 DCHA.),9591
CMNO,CALLEJONES LOS (V.GUERRA),9592
CTRA,CTRA.GENERAL DE BAJAMAR (TRV.5),659
CTRA,CTRA.GENERAL DE BAJAMAR (TRV.6),661
PSAJE,PEREZ BETHENCOURT (TRV.),5960
CMNO,MEDIO EL (TRV.27 IZDA.),823
PLAZA,PEDRO ROLDAN HERNANDEZ,791
CALLE,ANTONIO DE LARA Y ZARATE,773
CALLE,ANDROMEDA (PROLONGACION),9972
URB,URB. LA VERDELLADA  CALLE C-1,9973
URB,URB. LA VERDELLADA  CALLE C-2,9976
TRVAL,CADENA (LA) PRIMERA DERECHA,627
TRVAL,PITERA (LA) PRIMERA IZQUIERDA,628
TRVAL,TABARES GUAMASA PRIMERA DERECHA,631
TRVAL,MAJANO SEGUNDA DERECHA,632
TRVAL,MAJANO TERCERA DERECHA,633
TRVAL,GARIMBA TERCERA DERECHA,634
TRVAL,GARIMBA CUARTA DERECHA,638
TRVAL,BOQUERON TERCERA DERECHA,639
TRVAL,JUAN FERNANDEZ CUARTA DERECHA,640
TRVAL,BARRANQUERA PRIMERA DERECHA,643
TRVAL,JOVER PRIMERA IZQUIERDA,646
TRVAL,PINO (EL) PRIMERA DERECHA,651
TRVAL,MORAL (EL) CUARTA DERECHA,654
TRVAL,ANIMAS (LAS) PRIMERA IZQUIERDA,656
TRVAL,PEDRO ALVAREZ PRIMERA DERECHA,931
CALLE,TABAIBA (LA) SAN LAZARO,941
CALLE,VEINTISEIS DE DICIEMBRE,10
TRVAL,SEGUIDILLA (LA) PRIMERA DERECHA,276
TRVAL,PISTA SAN ROQUE PRIMERA IZQUIERDA,303
TRVAL,PISTA SAN ROQUE SEGUNDA IZQUIERDA,304
TRVAL,PISTA SAN ROQUE TERCERA IZQUIERDA,306
TRVAL,FUENTE CANIZARES PRIMERA DERECHA,314
TRVAL,VEREDA CHICA PRIMERA IZQUIERDA,326
TRVAL,ADAN MARTIN SEGUNDA DERECHA,328
TRVAL,TORNERO PRIMERA IZQUIERDA,347
CALLE,VICTORIA (LA) FINCA ESPANA,8930
CALLE,JOSE GREGORIO HERNANDEZ,3980
AVDA,LEOPOLDO DE LA ROSA OLIVERA,4235
CALLE,LOMO (EL) LAS CARBONERAS,4367
CALLE,MARIA DEL CRISTO OSSUNA,4760
CALLE,DRAGO (EL) BARRIO NUEVO,2540
CALLE,DRAGO (EL) TEJINA,2555
CALLE,ERNESTO SALCEDO VILCHEZ,2685
CALLE,GABRIEL GARCIA MARQUEZ,3150
CMNO,HOMICIAN (EL) PUNTA DEL HIDALGO,3545
AVDA,PESCADORES (LOS) BAJAMAR,5973
CALLE,CORAZON DE JESUS BARRIO DEL OBISPADO,2005
CTRA,GENERAL LA LAGUNA PUNTA DEL HIDALGO,2320
CMNO,MOLINO (EL) VALLE GUERRA,5085
CALLE,NUESTRA SENORA DE LOS REMEDIOS,5355
CALLE,NUESTRA SENORA DE LAS MERCEDES,5360
LUGAR,PABELLONES MILITARES LOS RODEOS,5585
CALLE,SANTA MARIA SOLEDAD TORRES ACOSTA,7660
CMNO,SAN MIGUEL DE GENETO (TRV.9 DCHA.),461
CALLE,JOSE ANTONIO RGUEZ.AMADOR (TRV.2),1059
VIA,LAS CHUMBERAS-SANTA MARIA DEL MAR,1032
CALLE,DOCTOR ESCOLASTICO AGUIAR SOTO,1016
PLAZA,ANTONIO GONZALEZ HERNANDEZ,992
CALLE,SUERTES LARGAS (TRASERA),968
CALLE,NUESTRA SENORA DE LA TERNURA,978
CALLE,PADRE JOSE ARENAS SABAN,983
CALLE,RAMON DE ASCANIO Y TOGORES,989
URB,URB. RESIDENCIAL LOS MAJUELOS (II FASE),946
URB,URB. TORRELAGUNA  FASE VIII,951
URB,URB. PARQUE LA VEGA  CALLE D,961
CALLE,RICARDO MELCHIOR BOOTH,964
ZONA,CAMPUS UNIVERSITARIO DE GUAJARA,908
ZONA,CAMPUS UNIVERSITARIO PADRE ANCHIETA,909
PSAJE,FERMIN CEDRES HERNANDEZ,912
CALLE,PICACHOS (URB.TORRELAGUNA),928
CALLE,URB. TORRELAGUNA  CALLE A,929
CALLE,ADARGOMA (TRV.2 DCHA.),932
CMNO,PALMERAS LAS (V.COLINO),892
CALLE,MANUEL DE VERA (TRV.1),894
CTRA,CTRA.GENERAL LA CUESTA-TACO (TRV.2),854
CTRA,CTRA.EL BOQUERON (TRV.1),853
LUGAR,REGIMIENTO DE INFANTERIA,6505
CALLE,PRIMO DE RIVERA (TRV.1),6360
CALLE,VALLE COLINO (CALLE 4),8725
CALLE,FRANCISCO GARCIA FAJARDO,687
CALLE,GAVIAS LAS (TRANSVERSAL),100
CALLE,CTRA.VALLE TABARES (PARALELA),1501
VIA,VIA DE SERVICIO GUAJARA,1502
CTRA,CTRA.GENERAL LAS CANTERAS,1430
CALLE,CALANDRIA  LA,1151
CMNO,PALMITA LA (TRV.1),5735
CMNO,PALMITA LA (TRV.2),5740
ZONA,PARQUES Y TALLERES-LA CUESTA,5790
ZONA,ORTIGAL ALTO,5535
ZONA,ORTIGAL BAJO,5540
AVDA,PASO EL (TRV.3 DCHA.),5566
CALLE,OXIGENO (TRV.1),5575
CALLE,VALLE INCLAN (PROLONGACION),248
CALLE,JOSEFINA LA RASTROJA (TRV.1),230
CMNO,JUAN FERNANDEZ(TRV.6 DR.),156
URB,URB. RESIDENCIAL ANDREA,1171
CLLON,LOMO LOS MIRLOS,1167
URB,URB. BOUGANVILLAS,15
URB,URB. RESIDENCIAL CERCADO MESA,20
CALLE,NICOLAS ESTEVANEZ MURPHY,25
URB,URB.RESID.EL MORALITO,1164
URB,URB. LA VEGA I,1156
URB,URB. LOS CASTILLOS,1157
URB,URB. EL TRAPECIO,1170
ZONA,FINCA MESA PONTE,1163
PSAJE,ESPINA  LA,1166
CALLE,BUENAVENTURA BONNET (TRASERA),1221
POLIG,MAJUELOS LOS,1222
CALLE,SANTIAGO DEL TEIDE,1250
CALLE,VALLE FLANDES (TRV.2),1122
CALLE,VALLE FLANDES (TRV.6),1123
CALLE,VALLE FLANDES (TRV.3),1124
CALLE,VALLE TABARES (TRV.4),1126
CALLE,VALLE TABARES (TRV.1),1127
CALLE,VALLE TABARES (TRV.5),1128
CALLE,VALLE TABARES (TRV.6),1129
CALLE,VALLE TABARES (TRV.3),1131
CALLE,VERDELLADA LA A-K,1132
CALLE,VERDELLADA LA G-J,1133
CALLE,VERDELLADA LA I-J,1134
CALLE,VERDELLADA LA M-L,1136
CTRA,CTRA.VIEJA DE LA ESPERANZA (TRV.1),1137
CALLE,VILLAVERDE (TRASERA),1138
CMNO,JARDINA (TRV.3 IZDA.),1139
CALLE,PICO TEIDE,1140
CALLE,MONTANA BLANCA,1141
PSAJE,CAMINO VIEJO,1142
CALLE,AVETI,1143
CALLE,PARDELERA,1144
CALLE,GARABATO,1145
CALLE,IRIS,1146
CALLE,RASTROJO,1147
CALLE,PANASCOS,1148
BRANC,BARRANCO BERMEJO,1098
CTRA,CTRA.ANTIGUA EL PORTEZUELO (TRV.3),1099
ZONA,BRONCO EL,1100
CALLE,TEDERA,1101
ZONA,PUNTA DE LA ALHAJA,1102
CALLE,RUA LA (TRV.4),1103
CALLE,SAN BARTOLOME DE GENETO (TRV.11),1104
CALLE,ACHAMAN (GUAJARA),1106
CALLE,SAN BARTOLOME DE GENETO (PAR.2),1107
CTRA,CTRA.GENERAL (TRV.2),2255
CTRA,CTRA.GENERAL (TRV.3),2260
CMNO,CTRA.GENERAL (TRV.4),2265
CMNO,CTRA.GENERAL (TRV.6),2270
CMNO,CTRA.GENERAL (TRV.7),2275
CMNO,CTRA.GENERAL (TRV.8),2280
CTRA,CTRA.GENERAL TACORONTE,2305
CMNO,COSTA LA (TRV.1),2080
CMNO,COSTA LA (TRV.2 IZDA.),2085
CMNO,COSTA LA (TRV.3),2090
CMNO,CRUZ LA (TRV.1),2185
CALLE,CRUZADA,2190
CTRA,CTRA.GENERAL,2195
CALLE,NUESTRA SENORA DEL COROMOTO,2050
CALLE,SAN DIEGO (TRV.1),1111
CALLE,URB. SUERTES LARGAS(PAR.1),1112
CALLE,TABARES (TRV.1 DCHA.),1113
CALLE,TABARES (TRV.9),1114
CALLE,LOMO EL TRAZO (TRV.1),1116
CALLE,TRUJILLOS LOS,1117
ZONA,VALLE COLINO,1118
CALLE,VALLE FLANDES (TRV.1),1119
CALLE,VALLE FLANDES (TRV.5),1121
CALLE,MONJAS LAS (TRV.2),1070
CALLE,MONTANA LA (BAJAMAR),1071
CALLE,MONTANA PACHO (TRV.1),1072
CALLE,MONTANA PACHO (TRV.2),1073
CALLE,MONTANA PACHO (TRV.4),1074
CALLE,MONTANA PACHO (TRV.6),1075
CALLE,MORAL EL (TRV.1),1076
CALLE,MORAL EL (TRV.2),1077
CALLE,MORAL EL (TRV.3),1078
CALLE,PADRE MANJON (TRV.2),1079
CALLE,MONTE CANINO,1081
CALLE,TORRE LA (SAN ROQUE),1082
CALLE,ENTRADA A VALLE LAS CHOZAS,1083
PSAJE,MEJORANA LA,1084
PSAJE,SAUCE EL,1086
CALLE,INGLES DEL,1087
CALLE,VOLCAN SANTORIN,1088
CALLE,ALGARROBERO EL,1089
CLLON,LEO,1091
CALLE,CRUZ LA (LAS MANTECAS),1092
CALLE,RADIOAFICIONADO DEL,1094
CALLE,MONJAS LAS (TRV.1),1069
CALLE,CTRA.VALLE DE GUERRA (TRV.1),1049
URB,URB. EL GRAMAL  CALLE G,1051
CALLE,HORNERA LA (TRV.10),1052
CALLE,HORNERA LA (TRV.8),1053
CALLE,HORNERA LA (TRV.15),1054
CALLE,HORNERA LA (TRV.7),1056
CALLE,HORNERA LA (TRV.13),1057
CALLE,NAVA TOSCANA (TRV.),5250
CALLE,NAZARET,5275
CMNO,MINA LA (RODEOS),5040
CMNO,MIRABAL (V.GUERRA),5045
BRANC,BARRANCO SANTOS,5065
CLLON,MOLINO EL (TRASERA),5125
CMNO,MAZARRON (LOS VALLES),4875
CALLE,TRAPECIO EL,1183
CALLE,NUESTRA SENORA DE LORETO,1168
CALLE,JOSE ANTONIO (PROLONGACION),1184
CALLE,CALLE DESFASADA,1187
CALLE,LA HIGUERA (PROLONGACION),1176
URB,URB. LOS BARDINOS (EL GRAMAL),1178
URB,URB. MENCEY,4935
PLAZA,MERCADO MUNICIPAL,4943
ZONA,BARRIO MACHADO,4535
CMNO,VEREDA EL MAJANO,4585
CMNO,MAJANO EL,4590
BDA,LUIS GONZAGA,4470
URB,URB. EL LAUREL,4175
CALLE,LAUREL-JARDIN/DRAGO,4180
PSAJE,JUAN BLAS (ENTRADA),4020
CMNO,HURON EL (TRV.2),3720
CMNO,HOMICIAN EL (TRV.5),3570
CALLE,GONZALIANEZ (MERCEDES),3250
CALLE,SAN ELEAZAR,1158
URB,LAGUNAMAR,1172
CALLE,SALVIAL,1169
CMNO,COSTA LA (TRV.3? IZDA.),1173
URB,URB. TROVIS,1174
CALLE,MIGUEL MELO BENITO,1179
CALLE,GUATEMALA,1181
CALLE,CRUCES  LAS (LAS MANTECAS),1182
CALLE,LAGUNA DE CORAL,1152
CALLE,BAHIA DE CORAL,1153
CMNO,AMANECER,375
TRAS,SAN CRISTOBAL,377
TRVAL,ALEGRIA PRIMERA DERECHA,379
CALLE,AMAPOLA (LA),380
BRANC,SANTOS (DE),381
TRAS,ALICANTE,382
TRVAL,MURCIA,383
CALLE,AMAPOLA (LA) JARDINA,385
TRVAL,MESA (LA) PRIMERA IZQUIERDA,386
TRVAL,MESA (LA) SEGUNDA IZQUIERDA,387
CMNO,SUBIDA A LA MESA,388
PROL,EDUARDO DE ROO,389
CLLON,AMARGURA,390
CALLE,VIZCAINA (LA),392
TRVAL,RIVERA (LA) PRIMERA DERECHA,394
CMNO,CALETA (LA),395
PROL,MAYANTIGO,397
URB,MAJUELOS III,399
CALLE,SANTA AMELIA,400
CALLE,ARAFO,401
CALLE,IDAIRA,402
CALLE,ERAS (LAS),403
CALLE,BARCA (LA),404
CALLE,AMERICAS (LAS) TACO,405
CALLE,GITAMA,406
URB,PRINCIPE RUYMAN CALLE A,407
CMNO,FINAL,408
CALLE,SIRENA (LA),409
CALLE,AMERICAS (LAS) BARRIO NUEVO,410
URB,PRINCIPE RUYMAN CALLE B,411
CALLE,YERAY,412
CALLE,ROBLE (EL) LA VEGA,413
PSAJE,SAN FERNANDO CARBONERAS,414
CALLE,AMISTAD,415
URB,PRINCIPE RUYMAN CALLE C,416
CALLE,EPIFANIO,417
URB,PRINCIPE RUYMAN CALLE D,418
CALLE,DESTILERA (LA),419
CALLE,ANATAEL CABRERA,420
AVDA,ALBERTO DE ARMAS,424
CALLE,ANATEN,425
CMNO,SAN JOSE,427
TRVAL,CRUCES (LAS) OCTAVA IZQUIERDA,428
CALLE,ANDALUCIA,430
TRVAL,SANTA TERESA CUARTA IZQUIERDA,433
TRVAL,SANTA TERESA ONCE IZQUIERDA,434
CMNO,ANDENES (LOS),435
TRVAL,SANTA TERESA PRIMERA DERECHA,436
TRVAL,SANTA TERESA SEGUNDA DERECHA,437
TRVAL,BOCATUERTA PRIMERA IZQUIERDA,438
TRVAL,BOCATUERTA SEGUNDA IZQUIERDA,439
BARDA,ANDENES (LOS),440
CALLE,RECTOR GUMERSINDO TRUJILLO,442
TRVAL,BOCATUERTA TERCERA IZQUIERDA,443
TRVAL,SANSOFE PRIMERA IZQUIERDA,444
CMNO,ANDENES (LOS) VIEJO,445
TRVAL,SANSOFE SEGUNDA IZQUIERDA,446
TRVAL,ADARGOMA PRIMERA DERECHA,448
CALLE,ANDRES BELLO,450
CALLE,GAMMA,54
CALLE,ACADEMIA,55
CLLON,DONATOS (LOS),56
CALLE,ZEROLO,57
CALLE,JULIO NAVARRO GRAU,58
CALLE,SAN OLEGARIO,59
URB,ACAYMO,60
CALLE,CALUCA,61
AVDA,PAZ (DE LA),62
CALLE,PIEDAD,63
CALLE,SINCERIDAD,64
CALLE,ACAYMO FINCA ESPANA,65
CALLE,MORALIDAD,66
CALLE,HERMANDAD,67
CALLE,IGUALDAD,68
CALLE,FRATERNIDAD,69
CMNO,ACENTEJO,70
CALLE,LIBERTAD,71
CALLE,PROSPERIDAD,72
AVDA,PROGRESO,73
CALLE,VOLCAN NEVADO DEL RUIZ,74
CALLE,BARRANQUILLO DE ACENTEJO,75
PLAZA,ESTRELLA (LA),76
CALLE,NUESTRA SENORA DE LA PAZ,77
CALLE,SOR ELENA,78
CALLE,SOR REYES,79
CALLE,ACEVINO GUAJARA,80
CALLE,ESTEVES (LOS) TACO,81
CALLE,ESPRONCEDA,82
CALLE,FRESON (EL),83
CMNO,ACEVINO LA VEGA,84
CALLE,ACHAMAN JARDINA,85
CMNO,CIPRESES (LOS),86
PSAJE,FRANCISCO REYES ALONSO,87
CMNO,MANOLO EL HERRERO,88
CMNO,MANUEL MOLINA,89
CALLE,ACHAMAN TACO,90
PSAJE,LEDESMA,91
PLAZA,SANTA TERESA JORNET,92
PSAJE,SANCHO,93
PSAJE,HARIA SAN LAZARO,94
URB,ACHIMENCEY,95
CMNO,CODICIA,96
CALLE,FLORESTA,97
PSAJE,NAVA,98
CALLE,CORAL (EL) LA BARRANQUERA,99
CALLE,ARGANDA,101
PSAJE,BRUNETE,102
CMNO,PAPAYA (LA),103
CALLE,LOZOYA,104
CALLE,ACORAIDA,105
PSAJE,ROQUILLO (EL),106
CMNO,ATRAVESADA (LA),107
PSAJE,JUAN RODRIGUEZ,108
CALLE,MONTE CHICO,109
CALLE,ADARGOMA,110
CMNO,VEREDA ALTA,111
CMNO,PENCON (EL),112
CALLE,MONTE BREZO,113
CMNO,CANAS (LAS) GUAMASA,114
PLAZA,ADELANTADO (EL),115
CALLE,ADAN MARTIN,116
CMNO,LEON HERNANDEZ,117
CMNO,LLANO (EL),118
PSAJE,AGUACATE (EL) GUAMASA,119
CALLE,ADELANTADO (LA CUESTA),120
PSAJE,TENESOR,121
PLAZA,AFRICA ALONSO VALENCIA,122
CALLE,ANGEL Y SOFIA,123
PSAJE,PUREZA (LA),124
CALLE,AFUR,125
CALLE,VIRGEN BLANCA,126
AVDA,LITORAL,127
PSAJE,YMOBACH,128
PSAJE,ALHONDIGA (LA) TEJINA,129
CALLE,AGALA,130
CALLE,HUERFANO,131
CALLE,VIRGILIO,132
CALLE,LUCIANO RAMOS DIAZ,133
CALLE,GRANERO (EL),134
CALLE,NAVA Y GRIMON,135
PSAJE,CARRETERO (EL),136
CALLE,PERDIZ (LA) GENETO,137
CALLE,BUITRE (EL),138
CALLE,ALTARES,139
CALLE,AGUA (EL),140
CALLE,SIN SALIDA BAJAMAR,141
CALLE,MORITA (LA),143
CMNO,VEREDA DEL AIRE,144
AVDA,PASO (EL),146
CALLE,SANTA EULALIA,147
CALLE,SANTA GEMA GALGANI,148
CALLE,BARLOVENTO,149
CALLE,AGUERE,150
PSAJE,MONTANA CLARA,151
CALLE,AIRAM FINCA ESPANA,152
URB,GRAMAL CALLE A,153
CMNO,CENTENO,154
CALLE,NAMERA (LA),155
URB,GRAMAL CALLE B,157
URB,GRAMAL CALLE C,158
URB,GRAMAL CALLE D,159
URB,AGUERE,160
URB,GRAMAL CALLE E,161
CALLE,ALCAMPO,163
CALLE,FLOR DE LYS,164
CALLE,ORTIGA (LA),166
CMNO,LIGNITO,167
CMNO,CAMELLAS (LAS),168
PSAJE,CERCADO DEL OBISPO,169
CALLE,AGUIRRE DE LOS RIOS,170
CALLE,BODEGUILLA (LA),171
CMNO,VISTA BELLA,172
CMNO,VISTA COSTA,173
CALLE,PEDRO GONZALEZ TEJINA,174
CALLE,AGULO,175
CALLE,GUILLERMO GONZALEZ,176
PSAJE,CHARCA (LA) TEJINA,177
CMNO,HERRERIA,178
CALLE,AGUSTIN CABRERA,180
PSAJE,FLOR DE PITANGA,181
URB,COLLAZOS CALLE B,182
URB,COLLAZOS CALLE C,183
URB,COLLAZOS CALLE D,184
CALLE,PERDOMO FELIPE,185
URB,COLLAZOS CALLE E,186
URB,COLLAZOS CALLE F,187
CALLE,TROMPETAS (LAS),188
CALLE,CANDELARIA LAS GAVIAS,189
CMNO,LOMO EL AIRE,190
CALLE,ANTONIO HERNANDEZ ARRON,191
CALLE,BOLAS (LAS),192
CALLE,DELGADO,193
CALLE,BORGES (LOS),194
PSAJE,ZANCADILLA (LA),195
PSAJE,BAUDET,196
CALLE,GUIRRE (EL),197
CALLE,HERRENA (LA),198
CALLE,FONDILLO,199
CALLE,AIRES DE LIMA,200
CMNO,CABINA (LA),201
CMNO,ISLA (LA),202
CMNO,LIMONEROS (LOS),203
CMNO,CUEVAS (LAS),204
CALLE,TABARES DE CALA,205
CALLE,MAZO,206
CALLE,FUENCALIENTE,207
CMNO,TARRAGONA,208
CALLE,VIRGEN DOLOROSA,209
CMNO,ALAMOS (LOS),210
PSAJE,CADERA (LA),211
PSAJE,CAMPO (EL) LOS BALDIOS,212
PSAJE,TRASERA SEMINARIO,213
PLAZA,SAN DAMIAN,214
CALLE,ANFORA (EL),215
PLAZA,SAN ALEJANDRO,216
PLAZA,SAN FELIX,217
PLAZA,DOMINGO CABRERA CRUZ,218
PLAZA,SECUNDINO DELGADO,219
AVDA,LIBERTAD (LA),220
CALLE,ORTEGA Y GASSET,221
CMNO,BREZO (EL) LA VEGA,222
CMNO,CEDRO (EL) LA VEGA,223
CALLE,CARMEN (EL) BARRIO EL PILAR,224
CALLE,ALBERTO EINSTEIN,225
CMNO,CUPRESO (EL),226
PSAJE,LAVA,227
CALLE,VOLCAN FUJIYAMA,228
CALLE,AVIACION,229
AVDA,MENCEYES (LOS),231
AVDA,CESAR MANRIQUE,232
PSAJE,TEIDE,233
URB,MOLINOS (LOS),234
CALLE,ALEGRANZA,235
TRVAL,MENCEYES (LOS) PRIMERA,236
TRVAL,MENCEYES (LOS) SEGUNDA,237
TRVAL,MENCEYES (LOS) TERCERA,238
TRAS,MENCEYES (LOS),239
CALLE,ALEGRIA (LA),240
CALLE,DRAGOS (LOS),241
TRVAL,JOROPO,242
PSAJE,A CAMINO VALLADO,243
PSAJE,B CAMINO VALLADO,244
CALLE,ALFONSO GARCIA RAMOS,245
PSAJE,A REPUBLICA DE VENEZUELA,246
CALLE,TOMILLO (EL),247
CALLE,SORDO (EL),249
TRVAL,ALFONSO GARCIA RAMOS SEGUNDA,250
URB,YACARE,251
TRVAL,SAN LAZARO PRIMERA IZQUIERDA,252
TRVAL,GENERAL BAJAMAR PRIMERA,657
TRVAL,ARAUCARIA PRIMERA,658
CMNO,ARTES (DE LAS),660
TRVAL,RUA (LA) PRIMERA DERECHA,662
TRVAL,GONZALIANEZ PRIMERA IZQUIERDA,663
TRVAL,GONZALIANEZ SEGUNDA IZQUIERDA,664
CALLE,ARTURO VERGARA RODRIGUEZ,665
TRVAL,JARDINA PRIMERA DERECHA,666
TRVAL,JARDINA TERCERA DERECHA,667
BARDA,ASOMADA (LA) LOS BALDIOS,670
CALLE,PINOS (LOS) SAN ROQUE,671
TRVAL,CERCO (EL) PRIMERA,674
CALLE,ASOMADA (LA) TEJINA,675
TRVAL,MONTE LAS MERCEDES SEGUNDA,676
TRVAL,MONTE LAS MERCEDES TERCERA,677
TRVAL,VIEJO LAS MERCEDES PRIMERA,678
TRVAL,MONTE LAS MERCEDES CUARTA,679
CMNO,ASOMADETA (LA),680
TRVAL,ANIMAS (LAS) PRIMERA DERECHA,683
CALLE,CASAS DE PERERA (LAS),684
AVDA,ASTROFISICO FRANCISCO SANCHEZ,685
TRVAL,MIRABAL PRIMERA DERECHA,686
PASEO,ASOCIACION VECINOS LA MONTANA,688
CMNO,ATALAYA (LA),690
CMNO,LOMO NEGRO (BARRANCO),691
TRVAL,SAN DIEGO CUARTA IZQUIERDA,692
TRVAL,VEREDA CHICA SEGUNDA DERECHA,693
TRVAL,VEREDA CHICA TERCERA DERECHA,694
URB,ATLANTIDA,695
TRVAL,VEREDA CORTA PRIMERA DERECHA,696
TRVAL,CABILDO TERCERA,697
TRVAL,CABILDO CUARTA,698
TRVAL,CABILDO QUINTA,699
CALLE,ATOLON DEL CORAL,700
TRVAL,REY DAVID,701
TRVAL,SAN GASPAR,703
CALLE,ATXONA,705
PSAJE,TANQUE (EL) SAN LAZARO,706
TRAS,GAVIAS (LAS),707
CMNO,CANADA DE ABAJO,708
CALLE,AULAGA (LA),710
CALLE,HISPANO BRITANICO,711
TRVAL,MESA MOTA SEGUNDA IZQUIERDA,712
TRVAL,ALFONSO GARCIA RAMOS,713
CMNO,PULPITO (EL),714
CMNO,AURORA,715
URB,CORALITO (EL),716
CALLE,DRAGUILLO (EL),717
CMNO,SIMON,718
CALLE,AUTOMOVIL CLUB,720
TRVAL,ARTES (LAS),721
PSAJE,GEMELOS (LOS),723
CTRA,AUTOPISTA NORTE,725
TRVAL,VALLE TABARES PRIMERA,729
CMNO,AVENA (LA),730
TRVAL,NUEVA PRIMERA DERECHA,732
TRVAL,NUEVA PRIMERA IZQUIERDA,733
TRVAL,NUEVA SEGUNDA DERECHA,734
TRVAL,HOYO (EL) PRIMERA IZQUIERDA,736
TRVAL,HOYO (EL) PRIMERA DERECHA,737
TRVAL,TOSCAL PRIMERA DERECHA,738
CALLE,AYOSE,740
PSAJE,ACEVINO SAN LAZARO,741
TRVAL,TOSCAL TERCERA DERECHA,742
TRVAL,PEDREGAL PRIMERA IZQUIERDA,743
TRVAL,PEDREGAL SEGUNDA IZQUIERDA,744
TRVAL,PEDREGAL TERCERA IZQUIERDA,746
TRVAL,PEDREGAL CUARTA IZQUIERDA,747
TRVAL,VALLE TABARES OCTAVA DERECHA,748
TRVAL,VALLE TABARES QUINTA,749
TRVAL,LUIS VIVES,750
TRVAL,SANTANA PRIMERA DERECHA,751
CALLE,PALMA (LA),752
TRVAL,ESPERANZA (LA) DECIMA IZQUIERDA,753
TRVAL,ESPERANZA (LA) ONCE IZQUIERDA,754
CALLE,ANATEN,755
TRVAL,ESPERANZA (LA) CUARTA IZQUIERDA,756
CLLON,MENCEY,758
TRVAL,MERCEDES (LAS) SEXTA IZQUIERDA,759
CALLE,ANORANZA,760
TRVAL,MINA (LA) PRIMERA DERECHA,761
TRVAL,MINA (LA) SEGUNDA DERECHA,762
TRVAL,MINA (LA) PRIMERA IZQUIERDA,763
TRVAL,ESPERANZA (LA) NOVENA IZQUIERDA,764
TRVAL,ESPERANZA (LA) SEPTIMA IZQUIERDA,765
TRVAL,ESPERANZA (LA) OCTAVA IZQUIERDA,766
TRVAL,MINA (LA) CUARTA IZQUIERDA,767
TRVAL,MINA (LA) SEPTIMA IZQUIERDA,768
TRVAL,SAN FRANCISCO DE PAULA OCTAVA DERECHA,769
CALLE,BARRIO EL HURON GENETO,770
TRVAL,SAN FRANCISCO DE PAULA QUINCE DERECHA,772
CALLE,ARRASTRES (LOS),774
CMNO,BACHILLER (DEL),775
TRVAL,MEDIO (EL) QUINTA IZQUIERDA,777
TRVAL,SAN FRANCISCO DE PAULA VEINTE DERECHA,778
TRVAL,MEDIO (EL) SEPTIMA IZQUIERDA,779
AVDA,BAJAMAR,780
TRVAL,MEDIO (EL) OCTAVA IZQUIERDA,781
TRVAL,MEDIO (EL) NOVENA IZQUIERDA,782
TRVAL,SAN FRANCISCO DE PAULA VEINTISEIS DERECHA,783
TRVAL,MEDIO (EL) ONCE IZQUIERDA,784
CTRA,GENERAL BAJAMAR,785
TRVAL,MEDIO (EL) SEGUNDA DERECHA,786
TRVAL,MEDIO (EL) TERCERA DERECHA,787
TRVAL,SAN FRANCISCO DE PAULA TREINTA DERECHA,788
TRVAL,MEDIO (EL) DOCE DERECHA,789
PSAJE,SANTA ANA,792
TRVAL,MEDIO (EL) QUINTA DERECHA,793
TRVAL,MEDIO (EL) SEXTA DERECHA,794
CMNO,BALDIOS (LOS),795
TRVAL,MEDIO (EL) TRECE IZQUIERDA,796
TRVAL,FRANCISCO CABRERA PRIMERA IZQUIERDA,797
TRVAL,MEDIO (EL) DIECISEIS IZQUIERDA,798
TRVAL,MEDIO (EL) ONCE DERECHA,799
CALLE,BALTASAR NUNEZ,800
TRVAL,MEDIO (EL) CATORCE DERECHA,801
TRVAL,MEDIO (EL) DIECIOCHO IZQUIERDA,802
TRVAL,MEDIO (EL) QUINCE DERECHA,803
TRVAL,MEDIO (EL) DIECISEIS DERECHA,804
CMNO,BANDERA (LA),805
TRVAL,MEDIO (EL) VEINTITRES IZQUIERDA,806
TRVAL,MEDIO (EL) DIECIOCHO DERECHA,807
CALLE,GOFIO (EL) SAN LAZARO,809
CALLE,BANDERAS (LAS),810
TRVAL,MEDIO (EL) VEINTIDOS IZQUIERDA,811
TRVAL,MEDIO (EL) VEINTISEIS IZQUIERDA,812
TRVAL,MEDIO (EL) VEINTISIETE DERECHA,813
TRVAL,MEDIO (EL) VEINTE DERECHA,814
CMNO,VEREDA DE BARBADO,815
CMNO,COSTURERA (LA) PRIMERA DERECHA,816
TRVAL,BARBADO,817
TRVAL,RIVEROS (LOS) SEGUNDA DERECHA,818
CALLE,BARCELONA,820
TRVAL,MEDIO (EL) VEINTICUATRO IZQUIERDA,821
TRVAL,MEDIO (EL) VEINTICINCO IZQUIERDA,822
TRVAL,MEDIO (EL) VEINTIOCHO DERECHA,824
CALLE,BARCO (EL),825
TRVAL,LUIS CASCARILLA PRIMERA IZQUIERDA,826
CALLE,BARRANCO (DEL),827
PSAJE,CEDROS (LOS),829
CMNO,BARRANCO EL RODEO,830
CTRA,ESPERANZA (LA) TERCERA IZQUIERDA,831
TRVAL,MEDIO (EL) TREINTA Y TRES IZQUIERDA,833
TRVAL,MEDIO (EL) CATORCE IZQUIERDA,834
TRVAL,ESPERANZA (LA) SEXTA IZQUIERDA,836
TRVAL,MEDIO (EL) TREINTA Y UNA IZQUIERDA,837
TRVAL,COSTURERA (LA) SEGUNDA DERECHA,838
TRVAL,COSTURERA (LA) QUINTA DERECHA,839
CMNO,BARRANCO (EL),840
TRVAL,MEDIO (EL) OCTAVA DERECHA,841
CMNO,LOMO DE GARIMBA,842
TRVAL,TABARES TERCERA DERECHA,843
CMNO,BARRANQUERA,845
PSAJE,EUCALIPTUS (LOS),848
CALLE,BARRANQUILLO LA CUESTA,850
PROL,CABILDO,856
TRVAL,TENO PRIMERA IZQUIERDA,857
PSAJE,CADIZ,860
CALLE,BARRANQUILLO (EL) TACO,865
PSAJE,TORVISCAS,866
ZONA,BARRIO NUEVO DE OFRA,870
CALLE,BARRIO NUEVO DE OFRA,875
TRVAL,BARRIO NUEVO PRIMERA,880
CALLE,RUISENOR,883
TRVAL,BARRIO NUEVO SEGUNDA,885
TRVAL,BARRIO NUEVO TERCERA,890
CMNO,BARRIO NUEVO TEJINA,895
AVDA,BARTOLOME CAIRASCO,900
CALLE,MARQUESES (LOS),901
CALLE,BASALTO,905
CMNO,BATAN DE ABAJO,910
CMNO,BATAN DE ARRIBA,915
CALLE,HIPICA,918
TRVAL,ADARGOMA SEGUNDA DERECHA,451
TRVAL,SAN BARTOLOME DE GENETO PRIMERA DERECHA,452
TRVAL,PASO (EL) SEPTIMA IZQUIERDA,453
PLAZA,ANDENES (LOS),454
CALLE,ANDRES SEGOVIA,455
URB,GUAJARA BAJA,456
TRVAL,ALHONDIGA PRIMERA,457
CALLE,RECTOR JOSE ESCOBEDO,459
CALLE,ANDROMEDA,460
TRVAL,SAN BARTOLOME DE GENETO DECIMA DERECHA,462
TRVAL,PROGRESO (EL) PRIMERA IZQUIERDA,463
URB,SAN FELIPE CALLE A,464
AVDA,ANGEL GUIMERA JORGE,465
URB,SAN FELIPE CALLE B,466
URB,SAN FELIPE CALLE C,467
URB,SAN FELIPE CALLE D,468
URB,SAN FELIPE CALLE E,469
PSAJE,ANGEL NUNEZ,470
URB,SAN FELIPE CALLE F,471
TRVAL,VANESA DE LOS VOLCANES PRIMERA,472
TRVAL,SAN BARTOLOME DE GENETO QUINCE IZQUIERDA,473
TRVAL,ACEVINO PRIMERA,474
CALLE,ANGELES (LOS) LA CUESTA,475
CALLE,RECTOR ANTONIO BETHENCOURT,477
TRAS,SANTO DOMINGO CUSTODIO,478
TRVAL,ROSARIO (EL) SEGUNDA,479
CALLE,ANGELES (LOS) GENETO,480
TRVAL,ROSARIO (EL) CUARTA,481
TRVAL,LAJAS (LAS),482
TRVAL,SANTA ELENA PRIMERA DERECHA,483
TRVAL,SANTA ELENA SEGUNDA DERECHA,484
CALLE,ANGOLA,485
CMNO,SUBIDA A MONTANA PACHO,486
AVDA,LIBERTAD (LA) ONCE IZQUIERDA,487
CALLE,SAN FRANCISCO DE BORJA,488
TRVAL,ANGELES (LOS) PRIMERA DERECHA,489
CALLE,ANIMAS LOMARQUE (LAS),490
TRVAL,ANGELES (LOS) SEGUNDA DERECHA,491
TRVAL,SAN ANTONIO PRIMERA IZQUIERDA,492
CALLE,OBISPO LUIS FRANCO GASCON,494
PSAJE,HOYA (LA) VALLE GUERRA,495
TRVAL,SAN ANTONIO SEGUNDA IZQUIERDA,496
TRVAL,SAGRADA FAMILIA PRIMERA,497
TRVAL,SAN MIGUEL DE GENETO QUINCE IZQUIERDA,498
TRVAL,BOCATUERTA PRIMERA DERECHA,499
TRVAL,BOCATUERTA SEGUNDA DERECHA,501
TRVAL,OXIGENO PRIMERA IZQUIERDA,502
TRVAL,BOCATUERTA CUARTA DERECHA,503
TRVAL,BOCATUERTA QUINTA DERECHA,504
CALLE,ANTARES,505
CALLE,ANTEQUERA Y BOBADILLA,506
CALLE,ANTON GUANCHE,507
TRVAL,MEDIANIAS SEGUNDA IZQUIERDA,508
TRVAL,MEDIANIAS TERCERA IZQUIERDA,509
CALLE,ANTONIO DE BETHENCOURT,510
TRVAL,MEDIANIAS PRIMERA DERECHA,511
URB,GRAMAL CALLE C-1,512
CALLE,OBISPO ILDEFONSO INFANTE,514
CALLE,ANTONIO GONZALEZ SUAREZ,515
URB,GRAMAL CALLE B-1,516
URB,GRAMAL CALLE F,517
TRVAL,ANDENES (LOS) VEINTE IZQUIERDA,518
TRVAL,MEDIO (EL) PRIMERA DERECHA,519
CALLE,ANTONIO GONZALEZ RAMOS,520
TRVAL,MEDIO (EL) PRIMERA IZQUIERDA,521
TRVAL,MEDIO (EL) SEGUNDA IZQUIERDA,522
TRVAL,ASTROFISICO F SANCHEZ SEGUNDA IZQUIERDA,523
TRVAL,FERIA PRIMERA IZQUIERDA,524
CALLE,ANTONIO GONZALEZ RAMOS TACO,525
TRVAL,FERIA SEGUNDA IZQUIERDA,526
TRVAL,FERIA TERCERA IZQUIERDA,527
TRVAL,HACIENDAS (LAS) PRIMERA IZQUIERDA,528
TRVAL,ALMENDRO (EL) PRIMERA IZQUIERDA,529
CALLE,ANTONIO GONZALEZ PAZ,530
CALLE,OBISPO LUIS FOLGUERAS,532
TRVAL,ALMENDRO (EL) SEGUNDA IZQUIERDA,533
TRVAL,ALMENDRO (EL) TERCERA IZQUIERDA,534
CALLE,DOCTOR ANTONIO GONZALEZ,535
TRVAL,ALMENDRO (EL) CUARTA IZQUIERDA,536
TRVAL,ALMENDRO (EL) QUINTA IZQUIERDA,537
TRVAL,MIRABAL PRIMERA IZQUIERDA,538
TRVAL,SAN MIGUEL DE GENETO PRIMERA DERECHA,539
CMNO,ANTONIO MARCELINO,540
TRVAL,SAN MIGUEL DE GENETO SEGUNDA DERECHA,541
TRVAL,SAN MIGUEL DE GENETO TERCERA DERECHA,542
TRVAL,CUBANITO (EL) PRIMERA DERECHA,543
TRVAL,PEDRO BETHENCOURT PRIMERA,544
CALLE,ANTONIO MARTI,545
TRVAL,VALLADO QUINTA,546
CALLE,ANTONIO SUAREZ SAAVEDRA,547
TRVAL,VALLADO SEXTA,548
CMNO,ANTRACITA,550
CALLE,OBISPO FELIPE HERNANDEZ,551
TRVAL,VALLADO SEPTIMA,552
TRVAL,VALLADO OCTAVA,553
TRVAL,VALLADO NOVENA,554
FINCA,APIO (EL),555
TRVAL,VALLADO DECIMA,556
TRVAL,CABILDO PRIMERA,557
TRVAL,CABILDO SEGUNDA,558
TRVAL,VILLA (LA) SEGUNDA,559
TRVAL,VILLA (LA) TERCERA,561
TRVAL,VILLA (LA) QUINTA,562
TRVAL,VILLA (LA) SEXTA,563
TRVAL,VILLA (LA) SEPTIMA,564
CALLE,ARA,565
TRVAL,VILLA (LA) OCTAVA,566
CALLE,OBISPO DAMIAN IGUACEN,568
TRVAL,ESPERANZA (LA) PRIMERA,569
CMNO,ARADO (EL),570
TRVAL,ESPERANZA (LA) TERCERA,571
TRVAL,RODEO ALTO PRIMERA DERECHA,572
TRVAL,RODEO ALTO SEGUNDA DERECHA,573
TRVAL,RODEO ALTO TERCERA DERECHA,574
TRVAL,RODEO ALTO CUARTA DERECHA,575
TRVAL,RODEO ALTO QUINTA DERECHA,576
TRVAL,RODEO ALTO SEXTA DERECHA,577
CTRA,ESPERANZA (LA) PARALELA,578
TRVAL,ESPERANZA PARALELA (LA) PRIMERA,579
CALLE,ARAUCARIA (LA),580
TRVAL,ESPERANZA PARALELA (LA) SEGUNDA,581
TRVAL,ESPERANZA PARALELA (LA) TERCERA,582
CALLE,OBISPO RAMON TORRIJOS,584
CMNO,ARANA (LA),585
TRVAL,CANADA (LA) SEGUNDA,587
TRVAL,CANADA (LA) TERCERA,588
TRVAL,ALFREDO HERNANDEZ PRIMERA IZQUIERDA,589
CMNO,ARCE,590
TRVAL,ALFREDO HERNANDEZ SEGUNDA IZQUIERDA,591
TRVAL,ALFREDO HERNANDEZ TERCERA IZQUIERDA,592
TRVAL,VEREDA ALTA PRIMERA IZQUIERDA,593
TRVAL,VEREDA ALTA SEGUNDA IZQUIERDA,594
CMNO,ARCO IRIS,595
TRVAL,BARRANCO EL RODEO PRIMERA IZQUIERDA,596
TRVAL,RAMBLA (LA) PRIMERA DERECHA,597
TRVAL,RAMBLA (LA) SEGUNDA DERECHA,598
TRVAL,RAMBLA (LA) TERCERA DERECHA,599
AVDA,ARENAL (EL),600
CMNO,COSTA (LA),602
TRVAL,RAMBLA (LA) PRIMERA IZQUIERDA,603
TRVAL,CANADA (LA) PRIMERA DERECHA,604
CALLE,ARGELIA,605
TRVAL,FISCAL PRIMERA DERECHA,606
TRVAL,VERGARA PRIMERA IZQUIERDA,607
CMNO,MILAGROSA (LA) PRIMERA DERECHA,608
TRVAL,MILAGROSA (LA) SEGUNDA DERECHA,609
CALLE,ARGUIJON,610
TRVAL,CAMPO DE GOLF PRIMERA DERECHA,611
TRVAL,CAMPO DE GOLF PRIMERA IZQUIERDA,612
TRVAL,CAMPO DE GOLF SEGUNDA IZQUIERDA,613
TRVAL,ALFREDO HERNANDEZ PRIMERA DERECHA,614
CMNO,ARICO (DE),615
TRVAL,ALFREDO HERNANDEZ SEGUNDA DERECHA,616
TRVAL,CORDILLERA (LA) PRIMERA DERECHA,617
CMNO,MAZARRON VALLE GUERRA,619
CALLE,ARIES,620
TRVAL,CORDILLERA (LA) PRIMERA IZQUIERDA,621
TRVAL,CORDILLERA (LA) SEGUNDA DERECHA,622
TRVAL,SANTA ROSA DE LIMA PRIMERA DERECHA,623
TRVAL,SANTA ROSA DE LIMA SEGUNDA DERECHA,624
CALLE,ARMONIA,625
TRVAL,CADENA (LA) PRIMERA IZQUIERDA,626
TRAS,CANAS (LAS),629
CALLE,AROCHA Y GUILLAMA,630
CALLE,ARONA,635
CALLE,VIENTOS LAGUNEROS,637
TRVAL,PALENZUELA SEGUNDA,641
TRVAL,PALENZUELA PRIMERA,642
TRVAL,JOVER PRIMERA DERECHA,644
CALLE,ARRECIFE DEL CORAL,645
BARDA,JOVER,647
TRVAL,JOVER SEGUNDA DERECHA,648
TRVAL,CALVARIO (EL) PRIMERA,649
CALLE,ARRIBA,650
CALLE,MESAS DE SAN ROQUE,653
CALLE,ARRORRO,655
CMNO,BATAN (EL),920
CMNO,BAUXITA,925
CALLE,BEETHOVEN,930
CALLE,BEGONIA (LA),935
CALLE,ALBA (EL),936
PSAJE,PARIENTES (LOS),938
CTRA,VIA DE ENLACE,939
CALLE,BEJEQUE,940
CMNO,BEJIA,945
CALLE,BELEN,950
CALLE,CENTURION,953
PSAJE,BELLO (DE),955
CALLE,MASTIL (EL),956
CALLE,BENCHOMO,960
CALLE,BENCOMO,965
CALLE,DEAN BENCOMO RODRIGUEZ,970
CALLE,CLEMENCIA HARDISSON,971
PSAJE,AYATIMAS,973
CALLE,BENIJO,980
CMNO,GUINDERO,985
CALLE,BENITO PEREZ ARMAS,990
CALLE,BENITO PEREZ GALDOS,995
URB,VALLE VERDE,998
CALLE,MIGUEL HENRIQUEZ,999
CALLE,BEQUEQUES,1000
CMNO,SANTA ANA,1001
CALLE,SAN JOSE GENETO,1002
CMNO,SANCHEZ (LOS),1004
CALLE,ENRIQUE ROMEU PALAZUEL,1005
CALLE,ARTURO ESCUDER CROFT,1006
CALLE,ENRIQUE MARTIN,1007
CALLE,ENRIQUE GONZALEZ,1008
CALLE,JAIME RAMOS,1009
CLLON,BERNABE AFONSO,1010
CALLE,QUINTO (EL),1011
CALLE,BERNARDO DE FAU,1015
CALLE,BIBIANA,1020
CALLE,BICACARO,1025
CALLE,PILAR (EL),1031
CALLE,BLAS NIEBLA RODRIGUEZ,1040
CMNO,BOCATUERTA,1045
CALLE,BODEGA (LA),1047
CMNO,BOLONIA,1050
CALLE,BOLOS (LOS),1055
CTRA,BOQUERON,1060
CTRA,BOQUERON VALLE GUERRA,1065
TRAS,BRASIL,1080
AVDA,BRASIL,1085
CALLE,BREZO (EL) LA HIGUERITA,1090
CALLE,BREZO (EL) SAN HONORATO,1093
CALLE,SANTIAGO CUADRADO,1095
CMNO,BRONCO (EL) JARDINA,1105
CMNO,MATEO GALVAN ROJAS,1110
CALLE,PALMERAS (LAS) JARDINA,1115
CALLE,CHO JOSE,1120
CALLE,MIMOS (LOS),1125
CALLE,LAUREL (EL) JARDINA,1130
LUGAR,HOYA LOS AJOS,1135
CMNO,BUCIO (EL),1150
CALLE,BUENAVENTURA BONNET,1155
CALLE,BUENAVISTA,1160
CALLE,BUITRAGO,1165
CLLON,BUITRAGO,1175
CALLE,CABECITO (EL),1177
CALLE,CABILDO,1180
PSAJE,A CALLE CABILDO,1185
PSAJE,B CALLE CABILDO,1190
PSAJE,C CALLE CABILDO,1195
URB,CABILDO,1205
CALLE,CABRERA FELIPE,1210
CALLE,CACTUS (LOS),1215
CALLE,CADENA (LA),1220
PLAZA,CADIZ,1225
TRVAL,CADIZ PRIMERA,1230
CALLE,CAITANO,1235
CALLE,CALDERILLA (LA),1240
CALLE,CALDERON DE LA BARCA,1245
CALLE,ATOLON (EL),1260
CMNO,PERA (LA),1265
CMNO,AGUACATE (EL) VALLE GUERRA,1270
CALLE,BRENA BAJA,1275
CALLE,C VISTABELLA,1285
CALLE,H (LA),1290
PSAJE,YAUSI,1300
CMNO,CALLEJON (EL),1305
CALLE,CALVARIO (EL) VALLE GUERRA,1310
CALLE,CALVARIO (EL) TACO,1315
AVDA,CALVO SOTELO,1330
CALLE,CALZADA (LA),1335
CALLE,CAMAPE,1340
CMNO,CAMELUN (EL),1345
CMNO,MOHOS (LOS),1350
CALLE,CAMPILLO,1355
CALLE,CAMPO Y TAMAYO,1365
CALLE,CAMPO (EL) LAS MERCEDES,1370
CALLE,GONGORA,1375
CMNO,CANDELARIA HERNANDEZ,1380
AVDA,CANDELARIA (LA),1390
CALLE,CANDELARIA (LA) TACO,1395
CMNO,CANDIL (EL),1400
CALLE,CANDILAS,1405
CMNO,CANEJAS (LAS),1410
CALLE,CANGREJO DE ORO,1415
CALLE,CANTERA (LA),1420
CMNO,CANTILLO,1435
CMNO,MERCEDES (LAS),1440
CALLE,CAPELLANIA DEL CERCADO,1445
CALLE,CAPIRONA ZAPATERA (LA),1450
CALLE,CAPITAN BROTONS,1455
CMNO,CAPRI,1460
CMNO,CAPRICHOS (LOS),1465
CALLE,CAPRICORNIO,1470
CALLE,CARACAS,1475
CTRA,CARBONERAS (LAS),1480
CALLE,CARDAL,1485
CMNO,CARDON (EL) TEJINA,1495
CMNO,CARDON (EL) BAJAMAR,1500
AVDA,CARDONAL (EL),1503
BARDA,CARDONAL (EL),1505
CALLE,CARDONAL (EL) TEJINA,1510
CALLE,ADELANTADO,1520
CALLE,CARDONCILLO,1523
CALLE,CARIDAD,1525
CALLE,CARMELA ACUNA GARCIA,1530
CALLE,CARMEN (EL) GENETO,1535
CALLE,OBISPO REY REDONDO,1540
CALLE,CARRETAS,1545
URB,CARTA (LA),1550
FINCA,CARTA (LA),1555
CALLE,CARTAGENA,1565
CALLE,CARTAYA,1570
CALLE,MACETAS (LAS),1580
CMNO,ROSAS (LAS) LAS CARBONERAS,1585
CLLON,CASANOVA,1590
CALLE,CASERTA,1595
CMNO,LOMO LAS CASILLAS,1600
CALLE,CASTANO (EL),1605
CMNO,CASTELLANA (LA),1610
CALLE,CASTELLON,1615
CALLE,CASTILLO (DEL),1620
CALLE,CASTRO Y AYALA,1625
CALLE,CATALINA,1635
CALLE,CATEDRAL,1640
CALLE,DEAN PALAHI,1645
CALLE,TARAJAL,1650
CMNO,CANADA DE ARRIBA,1655
CMNO,CANADA (LA) GUAMASA,1660
TRVAL,CANADA (LA) PRIMERA IZQUIERDA,1665
CMNO,VERGARA EL ORTIGAL,1670
CMNO,CANAVERAL,1675
CMNO,CEBADA,1680
CALLE,CEDRO (EL) TACO,1685
AVDA,CENTENERO (EL),1690
CALLE,BERNEGAL (EL),1695
CALLE,CERCADO DEL MOLINO,1705
CALLE,CERCADO DEL SENOR,1710
TRVAL,CERCADO DEL SENOR PRIMERA,1715
CMNO,CERCADO DE LA IGLESIA,1720
CMNO,CERCADO LOS FRAILES,1725
CMNO,CERCADO (EL) EL ORTIGAL,1735
CMNO,CERCADO (EL) PUNTA DEL HIDALGO,1740
CALLE,CERRAJERIA (LA),1745
CALLE,AGRUPACION BINCHENY,1748
CALLE,CERVANTES,1750
CMNO,CHACOSTA,1760
CALLE,CHARCON (EL),1765
CALLE,CHARCOS (LOS),1770
PLAZA,CHICHA ZEROLO,1775
CALLE,CHIGUERGUE,1780
CALLE,CHIMBESKE,1785
CALLE,CHINAMADA,1790
CALLE,CHINCANAYROS,1795
PLAZA,VOLCAN CHINYERO,1800
CALLE,VOLCAN CHINYERO,1805
CMNO,CHIZAPA,1810
CMNO,MILAGROSA (LA) EL ORTIGAL,1820
CALLE,CHOPIN,1825
CMNO,CHOPO (EL),1830
CALLE,CHORRO (EL),1835
CALLE,VIRGEN LA SALETTE,1840
URB,CHUMBERAS (LAS),1845
CALLE,CINE (EL) TRASERA,1850
CALLE,CIPRES,1855
CALLE,CIRILO HERNANDEZ,1860
CALLE,CLAVEL (EL) VALLE GUERRA,1865
CALLE,CLAVEL (EL),1870
CALLE,CLEMENTE VERA,1875
CALLE,CLUB NAUTICO DE BAJAMAR,1880
CALLE,MARINA GONZALEZ GONZALEZ,1885
CALLE,TAZACORTE,1
CALLE,ARANJUEZ,2
CALLE,SENOR (EL),3
CMNO,BARBUZANO,4
PLAZA,DIECIOCHO DE JULIO,5
CMNO,CABEZADA (LA),6
CMNO,CARPINTERO (EL),7
CALLE,CASAS (LAS),8
PSAJE,CHARCA (LA) LOS VALLES,9
CALLE,DRAGO (EL) LOS VALLES,11
CALLE,LADERITA (LA),12
CMNO,LOMO EL VIENTO,13
CMNO,LOMO LOS BANCOS,14
CMNO,LUISA MACHADO LOS VALLES,16
CTRA,MESA (LA),17
CMNO,MONTANA GUERRA,18
CMNO,RECOVITA (LA),19
CTRA,ROSARITO (EL),21
CALLE,VINAS (LAS),22
PSAJE,HOYA DEL MORAL,23
PSAJE,CIRUELEROS (LOS),24
CALLE,CAMACHO,26
CMNO,MEDIO (EL) LOS VALLES,27
CALLE,ANDENES (LOS) LOS VALLES,28
CMNO,DIEGO GALVAN,29
CALLE,ABETO (EL),30
CMNO,MANUEL MELIAN CACHAZO,31
CALLE,SANTANA (LA),32
CALLE,SAN HILARIO,33
CALLE,GARAFIA,34
CALLE,ABREU Y VALDES,35
PSAJE,ESPINA (LA),36
PSAJE,CIVIL SAN LAZARO,38
CALLE,VOLCAN FOGO,39
CALLE,ABREU,40
CALLE,VOLCAN ESTROMBOLI,41
CALLE,ANDAMADA,42
CMNO,DRAGO (EL) GENETO,43
CALLE,ABUBILLA (LA),44
CALLE,HIRUELA (LA),45
CALLE,JILGUERO (EL),46
CALLE,CANARIO (EL),47
CALLE,SANTA SARA,48
CALLE,SANTA RITA,49
PASEO,ACACIAS (LAS),50
CALLE,TAHODIO,51
CALLE,TEGUISE,52
CALLE,ALFA,53
TRVAL,SAN LAZARO SEGUNDA IZQUIERDA,253
TRVAL,SAN LAZARO TERCERA IZQUIERDA,254
CALLE,ALFONSO XIII,255
TRVAL,SAN LAZARO CUARTA IZQUIERDA,256
TRVAL,SAN LAZARO QUINTA IZQUIERDA,257
TRVAL,SAN LAZARO SEXTA IZQUIERDA,258
TRVAL,SAN LAZARO SEPTIMA IZQUIERDA,259
CALLE,ALFREDO BARRIOS,260
TRVAL,SAN LAZARO OCTAVA IZQUIERDA,261
TRVAL,SAN LAZARO NOVENA IZQUIERDA,262
TRVAL,SAN LAZARO PRIMERA DERECHA,263
TRVAL,SAN LAZARO SEGUNDA DERECHA,264
CMNO,ALFREDO HERNANDEZ CANINO,265
CALLE,VALLE VINAGRE,267
TRVAL,SAN LAZARO TERCERA DERECHA,268
TRVAL,SAN LAZARO CUARTA DERECHA,269
TRVAL,ALFREDO HERNANDEZ PRIMERA,270
TRVAL,SAN LAZARO QUINTA DERECHA,271
TRVAL,SAN LAZARO SEXTA DERECHA,272
TRVAL,SAN LAZARO SEPTIMA DERECHA,273
TRVAL,VILLA (LA) PRIMERA DERECHA,274
TRVAL,ALFREDO HERNANDEZ SEGUNDA,275
TRVAL,SAN GERMAN PRIMERA IZQUIERDA,277
TRVAL,SAN GERMAN SEGUNDA IZQUIERDA,278
URB,GAVIAS (LAS),279
TRVAL,ALFREDO HERNANDEZ TERCERA,280
TRVAL,GAVIAS (LAS) DOCE IZQUIERDA,281
TRVAL,TORNERO PRIMERA DERECHA,282
CALLE,HIEDRAS (LAS),284
TRVAL,ALFREDO HERNANDEZ CUARTA,285
TRVAL,TORNERO SEGUNDA DERECHA,286
TRVAL,TORNERO TERCERA DERECHA,287
TRVAL,TORNERO CUARTA DERECHA,288
TRVAL,TORNERO QUINTA DERECHA,289
PSAJE,CABRERA,290
CALLE,JAIME RAMOS RAMOS,291
TRVAL,SENA NICASIA PRIMERA,292
TRVAL,BRONCO (EL) PRIMERA DERECHA,293
TRVAL,TABARES PRIMERA DERECHA,294
CALLE,ALFREDO KRAUS,295
TRVAL,TABARES SEGUNDA IZQUIERDA,296
CTRA,VIA DE RONDA,297
TRVAL,VIA DE RONDA PRIMERA DERECHA,298
TRVAL,VIA DE RONDA SEGUNDA DERECHA,299
CALLE,ALFREDO TORRES EDWARD,300
CALLE,TULIPAN,302
CALLE,ALHONDIGA (LA) GUAJARA,305
TRVAL,PRIMAVERA PRIMERA IZQUIERDA,307
TRVAL,PRIMAVERA SEGUNDA IZQUIERDA,308
TRVAL,PRIMAVERA TERCERA IZQUIERDA,309
CALLE,ALICANTE,310
TRVAL,PRIMAVERA CUARTA DERECHA,311
TRVAL,SAN ROQUE PRIMERA DERECHA,312
PROL,JUAN RAMON JIMENEZ,313
CALLE,ALMENDRO (EL) JARDINA,315
TRVAL,MESA MOTA PRIMERA DERECHA,316
TRVAL,MESA MOTA SEGUNDA DERECHA,317
PSAJE,ROSAS (LAS) PITERITA,319
CALLE,ALMENDRO (EL) GENETO,320
TRVAL,POZO CABILDO TERCERA DERECHA,321
TRVAL,POZO CABILDO CUARTA DERECHA,322
TRVAL,BARBADO SEGUNDA DERECHA,323
TRVAL,BARBADO PRIMERA DERECHA,324
CALLE,ALMERIA,325
TRVAL,ADAN MARTIN PRIMERA DERECHA,327
URB,SAN DIEGO,329
CALLE,ALONSO DE CASTRO,330
CALLE,SANTA LUCIA,331
CALLE,VALLE INCLAN,332
CALLE,SANTIAGO PATRON,333
CALLE,PINTA (LA),334
CALLE,ALONSO DE FONSECA,335
CALLE,VEREDA CORTA,336
CALLE,COSLADA,337
PSAJE,SALAMANCA,338
CALLE,ERA (LA) SAN HONORATO,339
CALLE,ALTA,340
PLAZA,GIRASOLES (LOS),341
PSAJE,RAMA (LA),342
CALLE,HOMICIAN VALLE GUERRA,343
PLAZA,VICTOR ZURITA SOLER,344
LUGAR,ALTAMIRA APARTAMENTOS BAJAMAR,345
CMNO,HURONCILLO (EL),346
URB,PORLIER,348
PSAJE,CORAZON,349
CALLE,ALTAVISTA,350
AVDA,MARITIMA EL ARENAL,351
CMNO,MERCEDES (DE LAS),8815
URB,VERDELLADA FASE I,8820
URB,VERDELLADA FASE II,8825
CMNO,VERDELLADA (LA),8840
CALLE,VERDUGO Y MASSIEU,8850
VREDA,ESPINOSA,8855
CMNO,VEREDA CHICA,8860
CALLE,VEREDA DEL CAMELLON,8865
CMNO,VEREDA DEL MEDIO,8875
CMNO,VERGARA GUAMASA,8880
CALLE,VERODE GUAJARA,8890
CALLE,VERODE (EL) LA HIGUERITA,8895
CMNO,VERONA,8905
CALLE,VIA LACTEA,8910
CALLE,VICENTE BUERGO ORAA,8915
CMNO,VICENZA,8920
BARDA,VICTORIA (LA),8935
CMNO,VICTORIA (LA) LA VEGA,8940
CALLE,VIENTO (EL),8950
TRAS,CASA EL VIENTO,8955
CALLE,SAN MAXIMILIANO KOLBE,8960
CALLE,VILAFLOR,8965
URB,VILLA HILARIA,8970
CMNO,VILLA (LA),8980
CMNO,VILLAS DE NAVA,8990
CALLE,VILLAVERDE,8992
CALLE,VIOLETA,9000
CALLE,RETAMA DEL TEIDE,9005
CALLE,VIOLETA VALLE GUERRA,9010
CALLE,VIRGEN DE COROMOTO,9015
CALLE,VIRGEN DE FATIMA,9020
CALLE,VIRGEN DE GUADALUPE,9025
CALLE,VIRGEN DE LA CONCEPCION,9030
CALLE,VIRGEN DE LA ESPERANZA,9035
CALLE,VIRGEN DE LA LUZ,9040
CALLE,VIRGEN DE LA MERCED,9045
CALLE,VIRGEN DE LA PAZ,9050
CALLE,VIRGEN DE LAS NIEVES,9055
CALLE,VIRGEN DE LOS DOLORES,9060
CALLE,VIRGEN DE LOS REYES,9065
CALLE,VISTALMON,9075
URB,VISTAMAR,9080
PSAJE,VIUDAS (LAS),9090
CALLE,VINA NAVA,9100
CLLON,VINA NAVA,9105
CALLE,VINA (LA),9115
CALLE,VOLCAN ACONCAGUA,9120
CALLE,VOLCAN KRAKATOA,9125
CALLE,VOLCAN ELENA,9130
CALLE,WAGNER,9140
CALLE,WENCESLAO YANES GONZALEZ,9145
PASEO,WERNER RAUTEMBERG,9150
CALLE,YAIZA,9155
CMNO,YEDRAS (LAS),9160
CMNO,YUGO (EL),9165
CMNO,ZAMARRON,9170
CALLE,DOCTOR ZAMENHOFF,9175
CMNO,ZAMORA,9180
CMNO,ZANCA (LA),9190
CMNO,ZAPATA,9192
CALLE,MENCEY ZEBENZUY,9195
CALLE,TIJARAFE LAS CHUMBERAS,9200
CALLE,ZOILO,9205
CALLE,ZOILO MIRANDA,9210
CALLE,ZURRON (EL),9220
URB,ANA BAUTISTA,9225
URB,CANAS (LAS),9230
CMNO,MIGUEL RIOS,9235
TRAS,AVENIDA INGENIEROS,9236
PROL,HIGUERA (LA),9590
URB,PARQUE LA VEGA CALLE A,9600
URB,PARQUE LA VEGA CALLE B,9601
URB,PARQUE LA VEGA CALLE C,9602
PROL,PONCE DE LEON,9603
URB,RESIDENCIAL LOS MAJUELOS,9800
TRVAL,MAGISTRAL LUIS REYES PRIMERA IZQUIERDA,9958
URB,PUEBLO HINOJOSA CALLE F,9959
URB,PUEBLO HINOJOSA CALLE A,9960
URB,PUEBLO HINOJOSA CALLE B,9961
URB,PUEBLO HINOJOSA CALLE C,9962
URB,PUEBLO HINOJOSA CALLE D,9963
URB,PUEBLO HINOJOSA CALLE E,9964
URB,VERDELLADA (LA) CALLE B-1,9965
URB,VERDELLADA (LA) CALLE C,9966
URB,VERDELLADA (LA) CALLE B,9967
URB,VERDELLADA (LA) CALLE A,9968
CALLE,BARRIO NUEVO DE OFRA PARALELA,9969
TRVAL,HOYA DEL CAMELLO,3645
CMNO,HOYA (LA) GUAMASA,3650
CALLE,HOYA (LA) PUNTA DEL HIDALGO,3655
LUGAR,HOYO DE GRACIA,3660
CMNO,HOYO (EL),3665
CALLE,HUARACHEROS (LOS) JARDINA,3670
PSAJE,HUARACHEROS (LOS) BAJAMAR,3675
CALLE,HUECO (EL),3680
CALLE,HUELVA,3685
CMNO,HUERTA MURCIANA,3690
CMNO,VUELTAS BLANCAS,3695
CMNO,HULLA (LA),3705
CMNO,HURON (EL) TEJINA,3710
CALLE,HURON (EL) GENETO,3715
CALLE,ROMAN CARNICERO,3725
CALLE,ICOD,3730
CMNO,IGLESIA (LA) EL ORTIGAL,3735
PLAZA,IGLESIA (LA) TEJINA,3740
PLAZA,IGLESIA (LA) EL CARDONAL,3745
CALLE,IGNACIO PEREZ GARCIA,3750
CALLE,MONTANA IMADA,3755
CALLE,INDUSTRIAS (LAS),3760
AVDA,INGENIEROS,3765
CALLE,INGENIEROS,3770
TRVAL,INGENIEROS PRIMERA,3775
CMNO,INVIERNO,3780
PSAJE,IPALAN,3785
CALLE,ISA (LA),3790
CALLE,ISAAC ALBENIZ,3795
CALLE,ISIDRO CASTRO,3800
CALLE,ISLA DEL CORAL,3805
CALLE,ISLA DEL HIERRO,3810
CMNO,ISOGUE,3815
CALLE,IZANA,3820
CALLE,JACINTO ARZOLA CABRERA,3827
CMNO,JADE,3830
CALLE,JAEN,3835
CMNO,JARDINA,3845
CMNO,CERCADO GRANDE,3915
CALLE,JAZMIN (EL),3920
CALLE,GRECO (EL),3925
CALLE,JESUS MAYNAR DUPLA,3930
CALLE,JOAQUIN RODRIGO,3935
CALLE,JOAQUIN TURINA,3940
CALLE,JORGE MANRIQUE,3945
CALLE,JOROPO,3950
CALLE,JOSE A RODRIGUEZ AMADOR,3955
CALLE,JOSE ANTONIO,3960
CALLE,JOSE MARIA BALCELLS,3965
CALLE,JOSE CLAVIJO FAJARDO,3970
CMNO,JOSE MONTARAZ,3985
CALLE,JOSE PERAZA DE AYALA,3990
CALLE,JOSE DOMINGUEZ DORTA,3995
CALLE,JOSE VIERA Y CLAVIJO,4000
CMNO,JOSEFINA LA RASTROJA,4005
CMNO,JOVER,4015
CALLE,JUAN DE VERA,4025
CALLE,JUAN DELGADO PEREZ,4030
CALLE,JUAN FERNANDEZ,4035
CMNO,BARRANQUILLO TEJINA,4040
CALLE,JUAN HIPOLITO,4045
CALLE,JUAN NEGRIN VINA,4050
CALLE,JUAN PEDRO GARCIA,4055
CALLE,JUAN RAMON JIMENEZ,4060
CALLE,JUAN SEBASTIAN ELCANO,4065
CALLE,JUANA BLANCA,4070
PSAJE,DAMA (LA),4075
TRVAL,JUANA BLANCA TERCERA,4085
CMNO,JUANA LUISA,4090
CALLE,JUDAS TADEO,4095
CALLE,JUEGO (EL),4100
CMNO,DIANES,4105
CALLE,JULIO ROMERO DE TORRES,4115
PLAZA,JUNTA SUPREMA,4120
CALLE,JUPITER,4125
CALLE,JUSTICIA,4126
CALLE,KENIA,4130
CALLE,GERIA (LA),4135
CALLE,COTO (EL),4140
CALLE,LAJAS (LAS),4145
CALLE,ROCIO (EL) TACO,4150
CALLE,LANZAROTE,4155
CALLE,LAUREL (EL) SAN HONORATO,4160
CMNO,LAUREL (EL) EL ORTIGAL,4165
CMNO,LAUREL (EL) GUAMASA,4170
CALLE,LAURISILVA,4185
CALLE,LAZARO LOPEZ,4190
CALLE,LEGAZPI,4205
CALLE,LEOCADIO MACHADO,4210
CMNO,LEON Y PIMIENTA,4215
CALLE,LEONARDO DA VINCI,4220
CALLE,LEONARDO TORRIANI,4225
CALLE,LEONCIO RODRIGUEZ,4230
CALLE,LEOPOLDO MORALES,4240
CALLE,LIBIA,4245
CALLE,LIBRA,4250
CALLE,LINTERNA DIOGENES,4255
CALLE,TELEMACO,4265
CALLE,VEREDA DEL LLANO,4270
CMNO,LLAVES (LAS),4275
URB,LLOMBET,4276
CMNO,LLUVIA (LA),4280
CMNO,LOBO (EL),4285
PSAJE,LOMA COLINO (LA),4290
LUGAR,LOMO GUIRRE,4295
CMNO,LOMO LA CRUZ,4298
CALLE,INTERIOR,4330
CMNO,LOMO LARGO,4335
CALLE,TABARES LOMO LARGO,4340
CALLE,FATIMA LOMO LARGO,4345
CALLE,PRINCIPE DE ASTURIAS,4350
PSAJE,LOMO SOFIA,4360
CMNO,LOMO (EL) VALLE GUERRA,4365
PSAJE,LOMO (EL) TEJINA,4370
PSAJE,PISA,4371
CMNO,LOMO (EL) GUAMASA,4375
CALLE,LOPE DE GUERRA,4380
CALLE,LOPE DE GUERRA Y PENA,4385
CALLE,LOPE DE VEGA,4390
CALLE,OBISPO LOPEZ AUGUSTO,4400
AVDA,LORA TAMAYO,4405
CALLE,LORENZO HERNANDEZ ABAD,4410
FINCA,LOSADA,4415
AVDA,LUCAS VEGA,4420
CMNO,LUCCA,4430
CALLE,LUCHA (LA) LA CUESTA,4435
PSAJE,LUCIO RODRIGUEZ,4440
CALLE,LUGO Y HERRERA,4445
CMNO,LUIS ALVAREZ CASTRO,4450
PSAJE,LUIS ALVAREZ CRUZ,4455
CALLE,LUIS BRAILLE,4460
CMNO,LUIS CASCARILLA,4465
CALLE,MAGISTRAL LUIS REYES,4475
CALLE,LUIS VIVES,4480
CALLE,LUISA MACHADO,4485
CALLE,ESCULTOR LUJAN PEREZ,4490
CMNO,LUNA LLENA,4495
CALLE,LUNA (LA),4500
CALLE,LUZ (LA),4505
CALLE,SAN GERMAN,4510
CALLE,SAN PANCRACIO,4515
CALLE,SAN EPIFANIO,4520
CALLE,MACARENA (LA),4525
CALLE,MACHADO Y FIESCO,4530
CMNO,MADRE DEL AGUA,4545
CALLE,MAGALLANES,4550
CALLE,MAGARZA,4555
CALLE,MAGDALENA SANTOS,4560
CALLE,MAGISTRADO CAMPO LLARENA,4565
PSAJE,MAGO (EL) TRASERA,4570
CMNO,MAJADA (LA),4575
CALLE,MAJADAS (LAS),4580
CMNO,MAJANO (EL) VEREDA ALTA,4595
CMNO,MATO (EL) VALLE GUERRA,4600
CALLE,SAN BERNARDO,4605
CALLE,VENEZUELA LOS MAJUELOS,4610
AVDA,MAJUELOS (LOS),4615
CALLE,MALAGUENA (LA),4620
CMNO,MALAQUITA,4625
CMNO,MALVA,4630
CMNO,MANTECAS (LAS),4635
TRVAL,MANTECAS (LAS) PRIMERA,4640
CALLE,MANUEL DE FALLA,4645
CALLE,MANUEL DE OSSUNA,4650
CALLE,MANUEL DE VERA,4655
CALLE,MANUEL HERNANDEZ MARTIN,4665
PLAZA,MANUEL HERNANDEZ TEJINA,4670
CALLE,MANUEL MARRERO TORRES,4675
CALLE,MANUEL SANTAELLA,4680
URB,MANZANILLA (LA),4685
CLLON,MAQUILA,4690
PSAJE,MAQUINA (LA),4695
CALLE,MAR DEL CORAL,4700
CLLON,MARABU,4705
CALLE,MARACAYBO,4710
CALLE,DOCTOR MARANON,4715
CALLE,MARCELINO PERDOMO REYES,4720
CALLE,MARCO POLO,4725
CALLE,MARCOS REDONDO,4730
CMNO,MARFIL,4735
CMNO,MARGALLO,4745
CALLE,MARIA AUXILIADORA,4755
CALLE,MARIA LUISA,4765
CALLE,MARIA MAGDALENA,4770
CALLE,MARIA ROSA ALONSO,4775
CALLE,RINCON DE MARIANE,4780
CALLE,DRAGO (EL) LA CUESTA,2545
CALLE,ANCHIETA,2560
CMNO,EBANO,2565
CALLE,ECHEYDE,2570
CMNO,ECLIPSE DE SOL,2575
CALLE,EDUARDO DE ROO,2580
CALLE,EDUARDO WESTERDAHL,2590
CALLE,PORTILLO (EL),2595
CALLE,ELIAS AFONSO,2600
CALLE,ELIAS MUJICA,2605
CALLE,ELIAS SERRA RAFOLS,2610
CALLE,ELIAS ZEROLO,2615
CALLE,EMBUDO (EL),2620
CMNO,EMETERIO GIL,2625
CALLE,EMILIO GUTIERREZ SALAZAR,2630
CALLE,MARQUES DE CELADA,2635
CMNO,ENCINA (LA),2640
CMNO,ENEBRO,2645
CALLE,ENRIQUE GRANADOS,2650
CALLE,ENVITE (EL),2655
CMNO,ERA (LA) GUAMASA,2660
CALLE,ERA (LA) VALLE GUERRA,2670
CALLE,ERJOS,2675
CALLE,ERNESTO ASCANIO Y LEON HUERTA,2680
CALLE,ESCOBONAL,2695
CMNO,ESCOMBRERAS,2700
CALLE,ESCORPION,2705
CMNO,ESCRIBIENTE (EL),2710
CALLE,ESCUDOS (LOS),2715
CALLE,ESCULTOR ESTEVEZ,2720
CMNO,ESPARRAGAL (EL),2725
CALLE,ESPANAS (LAS),2730
CALLE,ESPERANTO,2735
PSAJE,MARCELINO PARRAFUNCHO,2750
PSAJE,HERRERO (EL),2755
CMNO,ESPIGA (LA),2760
CMNO,ESPINAL (EL),2765
CMNO,ESPINOSA GUAMASA,2770
CMNO,ESTACIONES (LAS),2775
CMNO,ESTADO MIRANDA,2780
CLLON,ESTEVEZ (LOS),2785
CMNO,ESTRELLA FUGAZ,2790
CALLE,ESTRELLA POLAR,2795
CALLE,EUCALIPTO GUAMASA,2800
CALLE,CABRERA PINTO,2810
CALLE,FAISAN (EL),2815
CALLE,FAJANA (LA),2820
CALLE,FASNIA,2825
CALLE,FATIMA TACO,2830
CMNO,FRANCISCO ALONSO DE LA ROSA,2835
CALLE,FRANCISCO MARIA PINTO,2840
CALLE,FEDERICO GARCIA LORCA,2845
PQUE,FELICIDAD (DE LA),2855
CALLE,FELIPE CASTILLO,2860
CALLE,FELIX CASANOVA,2865
CALLE,FELIX RODRIGUEZ DE LA FUENTE,2870
CMNO,FELIX TORRES,2872
RBLA,FERNANDEZ DE LA CRUZ,2875
CALLE,FERNANDO DIAZ CUTILLAS,2877
CLLON,FIGUEROA,2880
CALLE,FINCA EL CURA,2895
CALLE,JUAN BAUTISTA POGGIO,2905
CALLE,JOSE MAGDALENO,2910
CALLE,DONADO GUMIEL,2925
CALLE,FINCA MIGUEL,2935
CMNO,FISCAL,2940
CALLE,DOCTOR FLEMING,2945
CMNO,FLOR DE PASCUA,2950
CALLE,FLOR (LA),2955
PSAJE,FLORES (LAS),2970
CALLE,FLORESTA (LA),2975
CMNO,FLORIANES (LOS),2985
URB,FLORIDA (LA),2990
CALLE,FOLIA,2995
PLAZA,FONDA (LA),3000
FINCA,FONSECA,3005
CALLE,BRENA ALTA,3007
CMNO,FRAILES (LOS),3010
CALLE,FRANCISCO AFONSO CARRILLO,3015
CALLE,FRANCISCO BAEZ,3020
CALLE,FRANCISCO BELLO,3025
CLLON,FRANCISCO CABRERA,3030
CALLE,GIRASOL (EL),3040
CALLE,FRANCISCO MIRANDA,3060
CALLE,FRANCISCO PIZARRO,3065
CALLE,FRANCISCO RAMOS,3070
CALLE,FRANCO DE CASTILLA,3080
CALLE,FRANCO DE MEDINA,3085
PLAZA,FRAY ALBINO,3095
CALLE,FRESCURA (LA),3100
CMNO,FUENTE CANIZARES,3105
LUGAR,FUENTE LAS NEGRAS,3110
CALLE,PAIVA,3115
CALLE,AYTHAMI,3120
CALLE,ACHINECH,3125
CALLE,FUENTE (LA),3130
CALLE,FUERTEVENTURA,3140
CALLE,GALAXIA,3152
CALLE,GALLARDINA,3155
CALLE,GAMBIA,3160
CALLE,GARACHICO,3165
CALLE,GARAJONAY LOS RODEOS,3170
CALLE,GARAJONAY TACO,3175
CLLON,GARCIA HERNANDEZ,3180
CMNO,GARIMBA,3185
URB,GAVIAS,3190
CMNO,GAVIAS (LAS),3195
CMNO,VIRGEN DE CANDELARIA,3205
CALLE,GAVIOTA (LA),3215
CALLE,GEMINIS,3220
CALLE,GENERAL GUTIERREZ,3225
CALLE,GENOVA,3235
CALLE,GLORIETA (LA),3240
CALLE,GOMERA (LA) TACO,3245
BRANC,GONZALIANEZ,3255
CALLE,GONZALIANEZ,3260
CALLE,GOYA,3265
PSAJE,GRACIA (LA),3270
CALLE,GRACIOSA,3273
PLAZA,GRAN PODER (DEL),3275
CALLE,GRAN CANARIA,3280
AVDA,GRAN PODER (DEL),3285
CALLE,GRAN REY,3290
CALLE,GRAN TINERFE,3295
CALLE,GRANADA,3300
CALLE,GRANADILLA,3310
CMNO,GRANITO,3315
CALLE,GUACIMARA,3325
CMNO,GUADANA (LA),3330
URB,JARDINES DE GUAJARA,3335
URB,GUAJARA DELTA,3340
CALLE,GUANCHA (LA),3350
CALLE,GUANCHES (LOS),3355
CALLE,GUANCHES (LOS) TACO,3360
CMNO,GUILLEN,3365
TRVAL,GUILLEN PRIMERA,3370
CALLE,GUILLERMO PEREZ ALVAREZ,3375
CMNO,GUINCHO (EL),3380
PSAJE,CUESTA (LA),3385
CMNO,HACIENDAS (LAS),3395
FINCA,HARDISSON,3400
CALLE,HELECHERA (LA),3410
CALLE,HENRY DUNANT,3415
CALLE,HERACLIO SANCHEZ,3420
CALLE,BARTOLOME BENITEZ,3425
CALLE,HERMANO PEDRO,3430
PSAJE,HERMANO RAMON,3435
CALLE,HERMANOS MACHADO,3440
CALLE,HERMANOS MARRERO,3445
CALLE,HERMANOS PINZON,3450
CALLE,HERMANOS PUELLES,3455
CMNO,HERMANOS TABARES,3460
CALLE,HERNAN CORTES,3465
CALLE,HERNANDEZ AMADOR,3470
CLLON,HERNANDEZ,3475
CALLE,GENERAL FRANCO,3480
CMNO,HERRADURA (LA),3485
URB,HERRERA,3490
CMNO,HARINA (LA),3495
CALLE,HIERRO (EL),3500
CALLE,HIGUERA (LA) VALLE GUERRA,3505
CALLE,HIGUERA (LA),3510
CMNO,HIGUERA (LA) EL ORTIGAL,3515
TRVAL,HIGUERA (LA) PRIMERA,3520
CALLE,HIGUERAS DE DON FELIPE,3525
CALLE,SEVILLA,3530
CALLE,HINOJOSA (LA),3535
CLLON,HIPOLITO GONZALEZ,3540
CMNO,HOGUERA (LA),3542
CMNO,VIRGEN (LA),3550
PSAJE,CRUZ DE AFONSO,3555
CALLE,ASCHE,3560
CMNO,ZANGANOS (LOS),3565
CMNO,COLMENAS (LAS),3575
URB,HORNERA (LA),3581
CMNO,HORNERA (LA),3585
CALLE,VOLCAN HEKLA,3590
CALLE,TENDERETE,3595
CALLE,VOLCAN ETNA,3600
CALLE,VOLCAN VESUBIO,3605
CALLE,VOLCAN JAVA,3610
CALLE,LAPILLI,3615
CMNO,HORNILLO (EL),3620
CMNO,HORNO (EL),3625
CMNO,HOYA BAJA,3635
CMNO,HOYA DEL CAMELLO,3640
CALLE,PEDRO BETHENCOURT,5895
CALLE,PEDRO DE GUEZALA,5905
CALLE,POETA GARCIA CABRERA,5910
CALLE,PEDRO GONZALEZ LAS GAVIAS,5915
CALLE,PEDRO PINTO DE LA ROSA,5920
CMNO,PELIGRO (EL),5925
FINCA,PEMAR,5930
CALLE,PENSAMIENTO (EL),5935
CALLE,PENAS (LAS),5937
CMNO,PERALES (LOS),5940
CALLE,PERDIZ (LA),5945
CALLE,PEREGRINO GUAMASA,5950
CALLE,PEREZ BETHENCOURT,5955
CALLE,PEREZ GALDOS,5965
CMNO,PERLA,5970
CMNO,PESCADORES (LOS),5975
CALLE,PESO (EL),5980
CALLE,PETIRROJO (EL),5985
CMNO,POLLITOS (LOS),5986
CALLE,PEZ (EL),5990
CLLON,PENA (DE),5995
CLLON,PENA UNO,6000
CMNO,AVENAL (EL),6005
CALLE,PICASSO,6010
CMNO,JASPE,6025
CMNO,SALEM,6030
PSAJE,FLANDES,6035
CALLE,MONTANA JANDIA,6040
TRVAL,PICO (EL) PRIMERA,6045
CMNO,POVA (LA),6050
CMNO,PICO BERMEJO,6055
CALLE,PICONERA GUAMASA,6060
CMNO,PICONERA (LA) GENETO,6065
CMNO,PIEDRA POMEZ,6070
CALLE,PILAR (EL) TACO,6075
CALLE,PINAR (EL),6080
CALLE,PINO CANARIO,6085
CALLE,PINO (EL) GUAMASA,6090
CALLE,PINO (EL) LA CUESTA,6100
CALLE,PINO (EL) VALLE GUERRA,6105
CALLE,VIANA,6110
CMNO,PINO (EL) LA VEGA,6115
CALLE,PINTOR JOSE AGUIAR,6135
CALLE,PIO BAROJA,6140
CALLE,PIRAMIDES (LAS),6145
CMNO,PISA (DE),6150
CALLE,PISCIS,6155
CMNO,PIZONES (LOS),6160
CALLE,PITERA (LA) GUAMASA,6165
CMNO,PITERITA (LA),6170
ZONA,PITERITA (LA),6175
CALLE,BENTEJUI,6180
CALLE,DOCTOR PLANELLES,6205
CALLE,PLASENCIA,6210
CMNO,FLOR DE MUNDO,6215
CMNO,PLATINO,6220
PLAZA,ORFEON LA PAZ,6225
CALLE,PLUTON,6230
CALLE,POETA PERERA,6240
PLAZA,POLKA (LA),6250
CALLE,PONCE DE LEON,6255
CALLE,AZORIN,6260
CMNO,PORTEZUELO,6270
TRVAL,PORTEZUELO PRIMERA,6275
TRVAL,PORTEZUELO SEGUNDA,6290
CALLE,PORTUGAL,6305
CMNO,POZO CABILDO,6320
CALLE,POZO (EL),6325
CMNO,PRESAS DE OCAMPO,6330
CMNO,PRESA (LA),6340
CALLE,PRINCESA YRALLA,6345
CMNO,PRIMAVERA,6350
AVDA,PRIMO DE RIVERA,6355
CALLE,PRINCESA DACIL,6365
AVDA,UNION (LA) GUAJARA,6370
URB,PRINCESA YBALLA,6375
CALLE,PUENTE (EL) GUAJARA,6380
CALLE,PUENTE (EL) BARRIO NUEVO,6385
CMNO,PUERTITO (EL),6390
CALLE,PUERTO DE LA CRUZ,6395
PLAZA,PUERTO DE LA GUAIRA,6405
CALLE,PUERTO ESCONDIDO,6410
CMNO,LOMO EL PULPITO,6415
CTRA,GENERAL PUNTA DEL HIDALGO,6430
CALLE,PUNTO CUBANO,6435
CALLE,QUEVEDO,6440
CLLON,QUILLA (LA),6445
CALLE,QUINTERAS,6447
AVDA,RAFAEL GONZALEZ VERNETTA,6450
PLAZA,RAMAL (EL),6455
PLAZA,MANUEL HERNANDEZ,6460
CMNO,RAMBLA (LA),6465
CALLE,RAMON GARCIA ROJAS,6467
PLAZA,RAMON J FIGUEROA,6470
CALLE,RAMON Y CAJAL,6475
CALLE,TOSTADO,1890
CALLE,MOSTAZA,1895
CMNO,MICA (LA),1900
CMNO,GRAFITO,1905
CMNO,PLATA,1910
PSAJE,GOMERA (LA) TEJINA,1915
CALLE,ZURITA,1920
CMNO,CANADA (LA) EL ORTIGAL,1925
CALLE,COCHERA (LA),1930
CMNO,COBRE,1933
CMNO,COCOTERO (EL),1935
CALLE,CODORNIZ (LA),1940
CMNO,COLINA (LA),1945
URB,COLLAZOS CALLE A,1950
CALLE,COLON,1960
CALLE,RODRIGO DE TRIANA,1965
CALLE,COMETA HALLEY,1970
PSAJE,CONCEPCION SALAZAR,1975
PLAZA,CONCEPCION (LA),1985
CALLE,CONSISTORIO (EL),1990
CALLE,CONSTANCIA,1992
URB,CORAL VERDE,1995
URB,CORAL (EL),2000
CALLE,CORAZON DE JESUS VALLE GUERRA,2010
CMNO,CORAZONILLO,2015
CMNO,CORCEGA,2020
CALLE,CORDERA (LA),2025
CMNO,CORDILLERA (LA),2030
CALLE,CORDOBA,2032
AVDA,CORNISA DE ACHIMENCEY,2035
CALLE,COROMOTO,2045
CALLE,CORRALES (LOS),2055
CALLE,CORREGIDORES,2060
CMNO,COSTA GUAMASA,2065
CMNO,COSTA (LA) TEJINA,2070
CMNO,COSTA (LA) PUNTA DEL HIDALGO,2075
CMNO,CREMONA,2095
CMNO,CREPUSCULO,2100
PLAZA,CRISTO (EL),2105
CALLE,CRISTO (EL),2110
CALLE,QUINTIN BENITO,2120
CALLE,CRUCES (LAS),2125
CMNO,CRUCES (LAS),2130
CALLE,CRUZ CHICA (LA),2135
CALLE,CRUZ DE CANDELARIA,2140
CMNO,CRUZ DE CARIDAD,2145
CALLE,CRUZ DE GUERRA,2150
PLAZA,CRUZ DE PIEDRA,2160
CTRA,AL MONTE LAS MERCEDES,2170
CMNO,CRUZ (LA) TEJINA,2175
CMNO,CRUZ (LA) LA VEGA,2180
CTRA,TEJINA BAJAMAR,2205
CTRA,ANTIGUA PORTEZUELO,2210
CTRA,BAJAMAR PUNTA DEL HIDALGO,2215
CTRA,CAMPO DE GOLF,2218
CTRA,CUESTA TACO,2220
CTRA,GENERAL DEL NORTE,2245
CALLE,QUINTO (EL) TEJINA,2250
CTRA,GENERAL SAN LAZARO,2295
CTRA,GENERAL SANTA CRUZ LAGUNA,2300
CTRA,TEJINA TACORONTE,2310
CTRA,GENERAL VALLE GUERRA,2315
CTRA,TEJINA LA LAGUNA,2355
CALLE,VIRGEN DE BEGONA,2365
CTRA,ESPERANZA (LA),2370
CMNO,CUARZO,2375
CALLE,ROSALES (LOS) JARDINA,2380
CMNO,CUBANITO (EL),2385
CALLE,CUESTA DE PIEDRA,2395
CALLE,BARRANCO LAS CUEVAS,2410
CMNO,CULANTRILLO (EL),2415
CTRA,CURVA DE GRACIA,2420
CALLE,SANTO DOMINGO CUSTODIO,2425
CALLE,DAIDA,2430
CALLE,DAUTE,2435
URB,DAVILA,2440
CMNO,DEGOLLADA (LA),2445
CALLE,DELGADO BARRETO,2450
CLLON,DENIZ,2455
CMNO,DIAMANTE,2460
CLLON,DIAZ CONDE,2465
CALLE,DIEGO DE MONTAUDE,2470
CALLE,DIEGOS (LOS) GUAMASA,2475
CALLE,DIEGOS (LOS) EL ORTIGAL,2480
PLAZA,DOCTOR OLIVERA,2482
TRVAL,ANTEQUERA Y BOBADILLA,2485
CALLE,DOMINGO J MANRIQUE,2495
CALLE,DOMINGO PEREZ MINIK,2505
CALLE,MAGDALENA,2510
CALLE,DOMINGUEZ Y GUILLEN,2515
PLAZA,DON JULIAN,2520
CALLE,DON QUIJOTE,2525
CALLE,DON QUIJOTE LOS ANDENES,2530
CALLE,DONA,2535
CALLE,MARIANO DE COSSIO,4785
CALLE,MARINA (LA),4790
CALLE,MARISCAL SUCRE,4795
AVDA,MARITIMA PUNTA DEL HIDALGO,4800
CALLE,MARQUES DE BAJAMAR,4805
CALLE,HERREROS (LOS),4820
CMNO,MARREROS (LOS),4825
PSAJE,MARTE,4830
CALLE,MARTINEZ MORALES,4835
CALLE,MASCA,4845
CALLE,MATANZA (LA),4850
CMNO,MATIAS DE LA ROSA,4855
CALLE,MAYA,4860
CALLE,MAYANTIGO,4870
URB,MAYBER,4872
CALLE,MEDANO (EL),4880
CMNO,VINO (EL),4885
CMNO,MEDIANIAS (LAS),4890
PSAJE,ARRIETA,4895
PSAJE,DESVIO (EL),4900
CMNO,MEDIO (DEL) COROMOTO,4905
CMNO,MEDIO (DEL),4910
CALLE,TABAJOSTE,4915
CMNO,FERIA,4920
CALLE,MARCEROL,4925
CALLE,MEJICO,4930
CALLE,MENENDEZ PELAYO,4940
PLAZA,MERCADILLO LA CUESTA,4942
CMNO,VIEJO LAS MERCEDES,4945
CALLE,MERCEDES (LAS) LAS TORRES,4950
URB,MERCEDES (LAS),4955
PLAZA,MERCEDES (LAS),4960
CTRA,MESA MOTA,4970
PSAJE,MESA Y OCAMPO,4975
PSAJE,MESAS (LOS),4980
CALLE,MIGUEL HERNANDEZ,4990
CALLE,MILAGROSA (LA) LA CUESTA,4995
CALLE,MILAGROSA (LA) TACO,5005
AVDA,MILAN,5010
PSAJE,INTER,5015
CALLE,GOFIO (EL) TEJINA,5020
CMNO,PINO (EL) TEJINA,5025
CMNO,MILLO (EL),5030
CMNO,MINA (LA) LOS BALDIOS,5035
CMNO,MIRABAL GENETO,5050
CALLE,MOBBA,5055
CALLE,MOISES ALBERTO,5060
CLLON,MOLINO (EL) LA CUESTA,5070
CALLE,MOLINO (EL) SAN LAZARO,5075
CALLE,MOLINO (EL) LAS MERCEDES,5080
CALLE,MOLINOS DE AGUA,5090
CALLE,ESTADO ARAGUA,5095
URB,QUINTA (LA),5100
CALLE,MOGAN,5105
CALLE,ESTADO ALARA,5110
CALLE,MOLINOS DE SAN BENITO,5115
PSAJE,MOLINOS (LOS),5120
PLAZA,LLANO LOS MOLINOS,5130
CMNO,MONEDA (LA),5135
CALLE,MONJAS (LAS),5140
CALLE,MONTALMAR,5145
URB,MONTALMAR,5150
CALLE,MONTARAZ,5155
CALLE,MONTANA ABADES,5160
CALLE,MONTANA JEDEY,5165
CALLE,MONTITO (EL),5172
CMNO,MORAL (EL) LOS BALDIOS,5175
CALLE,MORAL (EL) VALLE GUERRA,5180
CALLE,MORALES,5185
CMNO,MOYA VALLE GUERRA,5190
CALLE,MOZART,5195
PLAZA,MUCHACHOS (LOS),5200
CALLE,MUELLE (EL),5205
CMNO,MULATO (EL) TEJINA,5210
CMNO,MULATO (EL) LAS GAVIAS,5212
CALLE,MURCIA,5215
CMNO,NACAR,5220
CALLE,NAGUAYAN,5225
CMNO,NAPOLES,5230
CALLE,NARANJO (EL),5235
CALLE,NARCISO DE VERA,5240
CALLE,ARZOBISPO ELIAS YANES,5245
CALLE,NAVA TOSCANA,5255
CALLE,YAYITA RIOS,5260
PSAJE,SAN ELIAS SAN LAZARO,5261
CALLE,NAVAL (LA),5265
CALLE,NAVEGANTES (LOS),5270
CALLE,NEPTUNO BAJAMAR,5280
CALLE,NEPTUNO GRACIA,5285
URB,NIEVES (LAS),5290
CALLE,ALCALA,5295
CALLE,NIEVES (LAS),5305
CALLE,NIGERIA,5310
CALLE,NIJOTA,5315
CALLE,NILO GARCIA GONZALEZ,5320
CMNO,NIQUEL,5325
CALLE,NISPEREROS (LOS),5330
CALLE,NIVARIA,5335
CMNO,NOGAL (EL),5345
CALLE,NUESTRA SENORA DE CANDELARIA,5350
CALLE,NUEVA LOS VALLES,5365
CALLE,VALLE GRAN REY,5375
CALLE,NUEVA VALLE GUERRA,5380
LUGAR,BARRIO NUEVO OFRA,5385
CALLE,NUNEZ DE BALBOA,5390
CALLE,SANTA CATALINA DE SIENA,5395
CALLE,SAN IGNACIO DE LOYOLA,5400
CALLE,OBISPO PEREZ CACERES,5405
TRAS,OBRAS PUBLICAS,5410
CALLE,OBSIDIANA,5415
CALLE,OCEANO ANTARTICO,5420
CALLE,OCEANO ARTICO,5425
CALLE,OCEANO ATLANTICO,5430
CALLE,OCEANO INDICO,5435
CALLE,OCEANO PACIFICO,5440
CMNO,LOMO DEL TRAZO,5450
CMNO,OLIVINA,5455
CALLE,NUNEZ DE LA PENA,5460
CALLE,OLOF PALME,5465
CALLE,OLVIDO,5470
CALLE,OMEGA,5475
CMNO,OPALO,5480
CALLE,ORACULO DE DELFOS,5485
PASEO,ORAMAS,5490
CMNO,ORANTIA,5495
CALLE,OREGANO (EL),5500
CALLE,ORELLANA,5510
CALLE,ORFEBRE VENTURA ALEMAN,5515
CALLE,ORION,5520
CMNO,ORO,5525
CALLE,ORQUIDEA,5530
CTRA,ORTIGAL (EL),5545
CALLE,OSA MAYOR,5550
CALLE,OSA MENOR,5555
CALLE,OSSUNA Y SABINON,5560
CMNO,OTONO,5565
CALLE,OXIGENO,5570
CMNO,MERCEDES,5580
PSAJE,PABLO CASALS,5590
AVDA,PABLO IGLESIAS,5595
CALLE,MONTANA PACHO,5600
CALLE,SAN JUAN BOSCO,5605
POLIG,PADRE ANCHIETA,5610
CALLE,PADRE HERRERA,5615
CALLE,PADRE MANJON,5620
CALLE,PADRE VICTORIA,5625
CMNO,PADUA,5630
CMNO,PAJALES (LOS),5640
CMNO,PAJARES (LOS),5650
CALLE,PAJARITO (EL),5655
CMNO,PALENZUELA,5660
CMNO,PALERMO,5675
CMNO,PALMA (LA) TEJINA,5680
CALLE,PALMA (LA) TACO,5690
CALLE,PALMA (LA) VALLE GUERRA,5700
CALLE,PALMERAS (LAS) TACO,5705
AVDA,PALMERAS (LAS),5710
PLAZA,PALMERAS (LAS),5715
CALLE,PALMERAS (LAS) BAJAMAR,5720
PSAJE,ROSADOS (LOS) LOS BALDIOS,5725
CMNO,PALMITA (LA),5730
CMNO,PALMITO (EL),5745
CALLE,VOLCAN TEIDE,5750
CALLE,PARAISO,5755
CMNO,PARED GRANDE,5765
PSAJE,PUENTE (EL) VALLE GUERRA,5770
CMNO,BIROMBA (LA),5775
CALLE,PARIS,5780
CMNO,PARMA (DE),5785
PSAJE,PARRA (LA),5795
CMNO,PARRADO,5800
CMNO,PARRAL (EL),5805
CALLE,PARROCO GARCIA PEREZ,5810
CALLE,PASCUALES (LOS),5815
CALLE,PASITO (EL) TRAVESERA,5820
CMNO,PASITO (EL),5825
CALLE,CIRUELO (EL),5830
CALLE,BOTA (LA),5835
CMNO,PASO ALTO,5840
CALLE,DOCTOR PASTEUR,5845
CALLE,CLAVELES (LOS),5850
CALLE,PATOS (LOS),5855
CALLE,PAULINO SANZ RAMIRO,5860
CMNO,PEDREGAL (EL) LOS VALLES,5865
CMNO,PEDREGAL (EL) GENETO,5870
CMNO,PEDRERA (LA) TEJINA,5875
CMNO,PEDRERA (LA) LOS BALDIOS,5885
CMNO,PEDRO ALVAREZ,5890
CTRA,VALLE TABARES,8205
CALLE,HAYA (LA),8220
CTRA,GENERAL DEL SUR,8225
AVDA,TACO (DE),8230
CALLE,TACORONTE,8240
LUGAR,TAGANANA,8245
CTRA,TAGANANA,8250
CMNO,TAGORO,8255
CALLE,MONTANA TAHICHE,8265
CALLE,TAJAO,8270
CALLE,TAJARASTE,8275
CALLE,TAJINASTE,8280
CALLE,TAJINASTE GUAJARA,8285
CALLE,TAJINASTE HIGUERITA,8290
CALLE,MONTANA TAMADABA,8295
CALLE,TAMAIMO,8300
CMNO,TAMARAGUA,8305
CALLE,TAMARAGUA GUAMASA,8310
CALLE,TAMARAN,8315
CALLE,TAMARGO,8320
CALLE,TANGANILLO,8325
CALLE,TANIA,8330
CMNO,TANQUE (EL) PUNTA DEL HIDALGO,8335
CMNO,BARRANCO EL TANQUE,8340
CALLE,TARAJALES (LOS),8345
CALLE,TECORISE,8350
CALLE,TEGUESTE,8360
CALLE,TEJAR (EL),8365
CALLE,TENEGUIA,8375
PSAJE,ATENERI,8380
CALLE,TENEGUYA,8385
AVDA,TENERIFE,8390
CALLE,TEOBALDO POWER,8395
CLLON,TERESITA CRISANTA,8400
URB,TESESINTE,8405
CALLE,TIERRA (LA),8410
CALLE,TIJOCO,8415
CMNO,TILOS (LOS),8420
CALLE,TIMANFAYA,8425
CMNO,TIMPLINA (LA) CANADA,8430
CALLE,TINERFE,8435
CALLE,TIRSO DE MOLINA,8445
CALLE,TIZON (EL),8450
CMNO,TOMADERO (EL),8455
CALLE,TOMAS DE IRIARTE,8460
CALLE,TOMAS GONZALEZ RIVERO,8465
CALLE,TOMILLO (LE) LAS GAVIAS,8470
CMNO,TOPACIO,8475
CMNO,TORNERO,8480
TRVAL,TORNERO (EL) QUINTA,8500
TRVAL,TORNERO SEXTA,8505
TRVAL,TORNERO NOVENA,8510
TRVAL,TORNERO DECIMA,8515
CMNO,TORTOLA (LA),8525
CMNO,TOSCAL (EL),8530
CMNO,TOSCALITO (EL),8535
CMNO,TOSCANA,8540
ZONA,TOSCAS DE ABAJO,8550
CMNO,TOSCAS (LAS),8565
CALLE,TRANQUILIDAD,8570
CALLE,CAZA (LA),8575
CALLE,PITERAS (LAS),8580
CALLE,CRUCE (EL),8585
CMNO,TRAVIESAS (LAS),8590
CMNO,PAJAR (EL),8595
CMNO,TRES PINOS (LOS),8600
CMNO,TREVISO,8605
CMNO,TRICIADA (LA),8610
CALLE,TRIGO (EL),8615
CALLE,TRILLADORA (LA),8620
AVDA,TRINIDAD (DE),8625
CALLE,TRIO UCANCA,8630
PSAJE,SANTIAGO CHIMISAY,8635
CMNO,TUNEL (EL),8645
CMNO,TURIN,8650
CMNO,TURQUESA,8655
CALLE,UNAMUNO,8660
CMNO,UNION (LA) VALLE GUERRA,8665
CALLE,UNION (LA) LA CUESTA,8670
AVDA,UNIVERSIDAD,8680
CALLE,UNIVERSO,8685
CALLE,URANIO,8690
CALLE,URANO,8695
CALLE,VALENCIA,8700
CMNO,VALERIANO PEREZ,8705
CMNO,VALLADO (EL),8720
CTRA,VALLE JIMENEZ,8730
ZONA,VALLE TABARES,8735
CALLE,VALLEHERMOSO,8750
CALLE,VANESA DE LOS VOLCANES,8755
CALLE,VELAZQUEZ,8760
CMNO,VENECIA,8765
CALLE,VENEZUELA TACO,8770
AVDA,REPUBLICA DE VENEZUELA,8780
CALLE,VENUS,8800
CALLE,VERANO,8805
CMNO,RAYO (EL) JARDINA,6480
CMNO,RAYO (EL) VEGA LAGUNERA,6485
CALLE,READERA,6490
CMNO,REAL,6495
CMNO,REALEJO (EL),6500
PLAZA,DOCTOR JUAN REGULO PEREZ,6510
CMNO,REJA (LA),6515
CALLE,REMEDIOS (LOS),6520
CALLE,RODRIGUEZ MOURE,6525
AVDA,REPUBLICA ARGENTINA,6535
CALLE,RETAMA (LA) LA CUESTA,6560
CALLE,RETAMA (LA),6565
PSAJE,REY DAVID,6570
CALLE,REY Y LA REINA (EL),6575
CALLE,MERCURIO,6580
CALLE,REYES CATOLICOS,6590
CALLE,MONTEVERDE Y RIVAS,6600
CMNO,REYES (LOS),6605
CMNO,LOMO LAS RIAS,6625
CALLE,RIEGO (EL),6635
CMNO,RISQUETES (LOS),6650
CALLE,RIVERA (LA),6655
CMNO,RIVEROS (LOS),6660
CMNO,ROBLE (EL) VALLE GUERRA,6665
URB,ROCIO (EL),6671
CMNO,RODEO ALTO,6675
CMNO,RODEO DEL MEDIO,6680
CMNO,RODEOS (LOS),6685
CALLE,RODRIGUEZ,6695
CALLE,JOSE RODRIGUEZ AMADOR,6700
CALLE,RODRIGUEZ DE LA OLIVA,6705
CLLON,ROJAS (LOS) LA VEGA,6710
CALLE,ROJAS (LOS) CARBONERAS,6712
CMNO,ROMA,6715
CALLE,ROQUE AGANDO,6720
CALLE,ROQUE DEL ESTE,6725
CALLE,ROQUE DEL OESTE,6730
CALLE,ROQUE (EL),6735
CALLE,PLAYA EL ROQUETE,6740
CALLE,ROSA DE CALEYA,6750
CMNO,ROSA (LA) VALLE GUERRA,6755
CALLE,ROSA (LA),6760
CALLE,ASCANIO Y NIEVES,6765
CALLE,ROSALES (LOS),6770
CMNO,ROSADOS (LOS) LA MINA,6775
PLAZA,ROSARIO (EL),6780
CTRA,GENERAL EL ROSARIO,6785
CALLE,ROSARIO (EL) VALLE GUERRA,6790
CALLE,ROSARIO (DEL),6795
BARDA,ROSARIO BAJADA I,6800
BARDA,ROSARIO BAJADA 2,6805
CALLE,BENEHARO,6810
URB,RUA (LA),6820
CMNO,RUA (LA),6845
CALLE,RUFINO,6850
CALLE,OBISPO RUIZ CABAL,6855
PSAJE,SABANDENOS (LOS),6865
CALLE,SABINO BERTHELOT,6870
CALLE,SAGITARIO,6875
CMNO,SALERNO,6880
AVDA,SALLE (LA),6885
CALLE,SALOMON,6890
CALLE,SALTONAS (LAS),6895
CALLE,SAN AGUSTIN (LAS TORRES),6900
CALLE,SAN AGUSTIN,6905
CALLE,SAN AGUSTIN (SAN MATIAS),6910
CALLE,SAN ALEJANDRO,6915
CALLE,SAN ALFONSO,6920
CALLE,SAN AMADEO,6925
CALLE,SAN ANDRES,6930
CALLE,SAN ANICETO,6935
CMNO,SAN ANTONIO GENETO,6940
URB,SAN ANTONIO ABAD,6945
CALLE,SAN ANTONIO VALLE GUERRA,6950
TRVAL,SAN ANTONIO PRIMERA,6955
CALLE,SAN ANTONIO,6960
CALLE,SAN ANTONIO TACO,6965
CMNO,SAN BARTOLOME DE GENETO,6970
CALLE,SAN BARTOLOME TACO,6975
CMNO,SAN BARTOLOME LOS RODEOS,6980
CALLE,SAN BENITO,6985
CALLE,SAN BENITO CHIMISAY,6990
PLAZA,SAN BENITO,6995
PLAZA,SAN AMBROSIO,6996
URB,SAN BENITO,7000
CALLE,SAN BERNARDINO,7005
CALLE,SAN BORONDON,7010
CALLE,SAN CARMELO,7015
CALLE,SAN CASIANO,7020
CALLE,SAN CLEMENTE,7025
PLAZA,SAN CRISTOBAL,7035
AVDA,SAN CRISTOBAL,7040
CALLE,SAN CRISTOBAL TACO,7045
CALLE,SAN JEREMIAS,7050
CALLE,SAN DAMIAN,7055
CALLE,SAN DIEGO TACO,7065
AVDA,SAN DIEGO,7070
CMNO,SAN DIEGO,7080
CALLE,FUGA (LA),7085
CALLE,SAN EDUARDO,7090
CALLE,SAN ELIAS TACO,7095
CALLE,SAN EUGENIO,7100
CALLE,SAN EULOGIO,7105
CMNO,COLUMBIA,7110
CMNO,SAN FRANCISCO DE PAULA,7115
CMNO,APOLO,7120
CMNO,CASTRO,7125
CMNO,PROFESIONAL,7130
CMNO,PINA (LA),7135
CMNO,MATO (EL) LOS BALDIOS,7140
CMNO,MATADERO (EL),7145
PSAJE,LARPI,7150
CALLE,SAN FELIX,7153
CALLE,SAN FERMIN,7155
CALLE,SAN FERNANDO TACO,7160
CALLE,SAN FLORENCIO,7165
CMNO,SAN FRANCISCO VALLE GUERRA,7170
PLAZA,SAN FRANCISCO,7175
CALLE,SAN FRANCISCO TACO,7180
CALLE,SAN GASPAR,7185
CALLE,SAN GREGORIO,7190
CALLE,SAN HONORATO,7195
PLAZA,SAN HONORATO,7200
CALLE,SAN HONORIO,7208
CALLE,SAN HORACIO,7210
CALLE,SAN ISIDRO TACO,7215
CALLE,SAN ISIDRO CENTENERO,7220
CALLE,SAN ISIDRO SAN MATIAS,7225
PLAZA,SAN ISIDRO,7227
CALLE,SAN JACINTO,7230
CALLE,SAN JERONIMO,7235
CALLE,SAN JORGE,7240
CMNO,SERRERIA,7245
CALLE,SAN JOSE,7250
CALLE,SAN JOSE OBRERO TACO,7255
CALLE,SAN JUAN,7265
CALLE,SAN JUAN BAUTISTA,7270
CALLE,SAN JUAN DE LA RAMBLA,7280
CALLE,SAN JUAN BAJAMAR,7285
CALLE,SAN JUAN (LA CUESTA),7290
CALLE,SAN JULIAN,7295
CALLE,SAN JULIO,7300
CMNO,SAN LAZARO,7305
CALLE,SAN LORENZO,7345
CLLON,SAN LUCAS,7350
CALLE,SAN LUIS,7355
CALLE,ANGELES (LOS) TACO,7360
AVDA,SAN MARTIN DE PORRES,7365
AVDA,SAN MATIAS,7370
CALLE,SAN MAURICIO,7380
CALLE,SAN MAXIMO,7385
CMNO,SAN MIGUEL DE GENETO,7390
CMNO,HORTIFLORA,7400
CMNO,LAGAR (EL),7410
CALLE,SAN MIGUEL,7415
AVDA,SAN MIGUEL DE CHIMISAY,7420
CALLE,VALVERDE,7440
CALLE,TAMADUSTE,7445
CALLE,TIJARAFE GENETO,7450
CALLE,TIAS,7455
CALLE,TEMBEL,7460
CALLE,SAN NICASIO,7465
CALLE,SAN NICOLAS,7470
CALLE,SAN NICOMEDES,7475
CALLE,SAN PABLO,7480
CALLE,SAN PATRICIO,7485
CALLE,SAN PEDRO,7490
CALLE,SAN PLACIDO,7495
CMNO,SAN RAFAEL,7500
CALLE,SAN RAMON,7505
CMNO,SAN REMO,7510
CMNO,SAN ROQUE,7515
CALLE,SAN ROQUE LAS TORRES,7520
CMNO,LADERAS DE SAN ROQUE,7525
CALLE,PISTA MILITAR SAN ROQUE,7535
CALLE,SAN SALOMON,7540
CALLE,SAN SALVADOR,7545
CALLE,SAN SEBASTIAN TEJINA,7550
CALLE,SAN SEBASTIAN TACO,7570
CALLE,SAN SEVERINO,7575
CALLE,SAN VALENTIN,7585
CALLE,SAN VICENTE CHIMISAY,7590
CALLE,SAN VICENTE SAN MATIAS,7595
CMNO,RINCON CANARIO,7600
CALLE,SANCHO PANZA,7605
CALLE,SANSOFE,7615
CALLE,ATACAITE,7620
CALLE,ZARZAS (LAS),7626
CALLE,SANTA BERTA,7630
CALLE,SANTA CATALINA,7635
CALLE,SANTA CECILIA,7640
CALLE,SANTA ELENA CHIMISAY,7645
CALLE,SANTA GEMA,7650
CALLE,SANTA MARGARITA,7665
CALLE,SANTA MARIA,7670
CALLE,SANTA MARTA,7675
CMNO,SANTA ROSA DE LIMA,7680
CALLE,SANTA ELENA SAN MATIAS,7685
CALLE,SANTA ROSA DE LIMA TACO,7690
PSAJE,JORGES (LOS),7695
PSAJE,CARPINTEROS (LOS),7700
CMNO,LUCHA (LA) GUAMASA,7705
CMNO,DORTA,7710
CALLE,GUAYDIL,7715
CALLE,JOSE FELICIANO,7720
CALLE,PLATANAL (EL),7725
CALLE,ROSALIA DE ESTEVEZ,7730
CALLE,SANTA ROSALIA,7735
CALLE,SANTA TERESA,7737
CALLE,SANTA URSULA LA CUESTA,7745
CALLE,SANTA URSULA FINCA ESPANA,7750
CALLE,SANTA (LA),7755
PSAJE,SANTIAGO SAN MATIAS,7760
CALLE,SANTIAGO ALVAREZ,7765
CALLE,SANTIAGO DEL TEIDE,7770
CALLE,SANTO DOMINGO TACO,7785
CALLE,SANTO DOMINGO DE GUZMAN,7790
PLAZA,SANTO DOMINGO,7795
CALLE,SANTO DOMINGO,7800
CALLE,SANTO LABRADOR,7805
CALLE,SANTO TOMAS DE AQUINO,7810
CALLE,SANTOS (LOS),7815
CALLE,SATURNO,7820
CALLE,TRASERA EL CAMPO,7825
CALLE,SAUZAL (EL),7835
CMNO,SEBASTIAN CASTILLO,7840
CALLE,SEBASTIAN RAMOS,7845
PSAJE,GUITARRA (LA),7850
PSAJE,ZAMBOMBA (LA),7860
PSAJE,CHACARAS (LAS),7865
PSAJE,LAUD (EL),7870
PSAJE,BANDURRIA (LA),7875
PSAJE,PANDERETA (LA),7880
PSAJE,TIMPLILLO (EL),7885
CALLE,SEGUIDILLAS,7890
CALLE,SEIS DE DICIEMBRE,7895
CALLE,GUIMAR,7900
CALLE,TENO,7905
CMNO,SEMILLA (LA),7910
CMNO,SEVERIANO HERNANDEZ,7925
CALLE,COSTURERA (LA),7930
CALLE,SENA NICASIA,7935
CALLE,SENA ROGELIA,7940
CALLE,BARRANCO EL SHERIFF,7945
CALLE,SIEMPREVIVA,7960
CALLE,ANTONIO ZEROLO HERRERA,7965
CALLE,SILOS (LOS),7975
CALLE,SILVERIO ALONSO,7980
CALLE,SIMON BOLIVAR,7985
CALLE,SIN SALIDA,7990
CMNO,SIRACUSA,8000
PLAZA,SIRINOQUE (EL),8005
CMNO,SIERRA,8010
CTRA,GENERAL EL SOCORRO,8020
CMNO,SOCORRO,8025
CALLE,SOL (EL) BAJAMAR,8030
CALLE,SOL (DEL),8035
CALLE,SOL (EL) TACO,8040
CMNO,SOLIS,8045
CMNO,SOLIS VALLE GUERRA,8050
CALLE,SOR ANGELA DE LA CRUZ,8055
CALLE,SOR ESTELA,8060
CALLE,SOR MARIA DE JESUS,8065
CALLE,ANSELMO,8075
CALLE,SOROLLA,8080
CALLE,SORONDONGO,8085
CALLE,SOTA (LA),8090
CLLON,SOTERO,8095
CMNO,SPOLETO,8100
CLLON,SENOR POLO,8105
CMNO,SAN PRUDENCIO,8110
CALLE,SANTA MARIA DE LA CABEZA,8115
CALLE,SANTO ANGEL DE LA GUARDA,8135
URB,SUERTES LARGAS,8145
CALLE,SUPREMA,8150
CMNO,TABAIBAL (EL),8155
CALLE,TABAIBA (LA) BAJAMAR,8160
CALLE,TABAIBA LA HIGUERITA,8165
AVDA,TABARES BARTLET,8170
CMNO,TABARES GUAMASA,8175
PSAJE,PEREGRINO (EL),8180
CALLE,GANADERO (EL),8185
CALLE,TUNERA (LA),8190
CALLE,PEDRO GOMEZ,8195
CALLE,CACTUS,8200
PSAJE,A REPUBLICA DE VENEZUELA,8785
PSAJE,B REPUBLICA DE VENEZUELA,8790
URB,URB. VENEZUELA,8795
CALLE,VERBENA LA,8810
BDA,VERDELLADA LA,8830
CMNO,LOMO LA VERDELLADA,8845
ZONA,TOSCAS DE ARRIBA,8555
CMNO,TOSCAS LAS (V.GUERRA),8560
CALLE,TIO BLAS,8440
CALLE,TAGULUCHE,8260
CALLE,SIN SALIDA (LA CUESTA),7995
CALLE,FRANCISCO RAMOS (TRASERA),3075
CMNO,FUENTE LA (TRV.),3135
ZONA,FINCA ARTURO ESCUDER,2885
ZONA,FINCA BELLAFLOR,2890
ZONA,FINCA ESPANA,2900
CMNO,FLORENCIA,2960
CALLE,FLORES LAS (BALDIOS),2965
CMNO,FLORESTA LA,2980
CTRA,CTRA.DE LA ESPERANZA (TRV.1),2745
ZONA,FACULTAD DE MEDICINA-HOSPITAL,2805
CMNO,FEDERICO GARCIA LORCA (TRV.3),2850
URB,URB. LAS FURNIAS,2665
CALLE,TRASERA POETA GARCIA CABRERA,583
CALLE,JOSE RODRIGUEZ RAMIREZ,586
CALLE,LUISA ESTANY,601
CALLE,CESAR MANRIQUE (TRV.2 IZDA.),560
CALLE,SAN ANTONIO,567
CALLE,AMAPOLA,531
CALLE,PALOMA LA,549
CALLE,MORERA LA,513
CALLE,NOGAL EL,493
URB,URB. LAS DOMINICAS,500
CALLE,MEDIO EL (TRV.3 IZDA.),476
URB,URB. LA HIGUERITA,441
PSAJE,B,423
URB,URB. POETA MANUEL VERDUGO,391
CALLE,ASTROMELIA,301
CALLE,LOMO EL AIRE (TRV.2),1061
CALLE,LOMO RIVERA,1062
CALLE,MANTECAS LAS (TRV.4),1063
CALLE,CASTILLO DE SAN JOAQUIN,1064
CALLE,MERCEDES (TRV.1),1066
CALLE,MERCEDES (TRV.2),1067
CALLE,MERCEDES (TRV.3),1068
CALLE,GRUPO LA MILAGROSA,1044
CALLE,PLAYA LA,1018
CALLE,BELLOTEROS LOS,1019
CLLON,HIERBAMORA LA,1021
CALLE,AUTOPISTA (PARALELA 2),1022
CALLE,AUTOPISTA (PARALELA),1023
CLLON,SOL EL (TRV.1),1024
CMNO,BOCATUERTA (TRV.1),1026
CMNO,BOCATUERTA (TRV.2),1027
CALLE,CHASCONA  LA,1028
CMNO,BOCATUERTA (TRV.4),1029
CALLE,CALLEJONES LOS (MERCEDES),1030
CALLE,CRUZ LA (TRV.3),1033
CALLE,CRUZ LA (TRV.4),1034
CMNO,PERA LA,1035
VIA,ENLACE LOS ANDENES-SOBRADILLO,1036
CALLE,FUENTE LA (TRV.1),1037
CALLE,FUENTE LA (TRV.2),1038
CALLE,FUENTE LA (TRV.3),1039
CALLE,FUENTE LA (TRV.4),1041
CALLE,FUENTE LA (TRV.5),1042
CALLE,GAROE,1043
CALLE,ENRIQUE CASTRILLO CRUZ,1017
CALLE,CLARA CAMPOAMOR,993
CALLE,MILICIA UNIVERSITARIA,994
CALLE,LAZARO LOPEZ (TRV.2 DCHA.),996
CALLE,FELIPE GONZALEZ VICENS,997
URB,URB. RESIDENCIAL LOS MAJUELOS,1003
CALLE,ESCOBON EL,1012
CALLE,MALVA DE RISCO,1013
PQUE,MIGUEL FERIA CEDRES,1014
URB,URB. PRINCIPE RUYMAN  III FASE,967
URB,URB. LOS VERODES,969
CALLE,NAIRA,972
URB,URB. BELLAMAR,974
CALLE,DALIAS LAS,975
CALLE,SANTA NOEMI,976
CALLE,TERESA DE CALCUTA,977
CMNO,VILLA LA (TRV.9),979
CALLE,VALLE TABARES (TRV.2),981
URB,URB. EL COROMOTO,982
CALLE,CARAMPIN,984
CALLE,EL ZAPATERO,986
CALLE,PERALILLO EL,987
CALLE,JOSE LUIS MORENO BECERRA,988
PLAZA,CRISTOBAL GARCIA CRUZ,991
CALLE,TIMANFAYA (TRV.),966
PSAJE,GARAITIDEN,937
URB,URB. LA LUCHADA,942
URB,URB. RESIDENCIAL GAROE,943
CALLE,BLANCA PALOMA LA,944
CALLE,ERA LA (LOS VALLES),947
CALLE,RISCO EL,948
CALLE,TINERFE (TRV.),952
URB,URB. EL RIEGO,954
CALLE,MELOCILLA,957
CALLE,DORADILLA,958
CALLE,BENCOMIA,959
CALLE,SAN JOSE (C.CIUDAD),7260
CALLE,DRACAENA,962
CALLE,AGUACADA,963
PLAZA,JUAN NEGRIN BARRERA,911
CALLE,CASILLA LA,913
CALLE,ARAGUANEY,914
CALLE,AGUAMANSA,916
CALLE,BIRMAGEN (URB.TORRELAGUNA),917
RBLA,RAMBLA DE LAS CLAVELLINAS,919
CALLE,TREBINAS LAS,921
CALLE,AZUCENAS LAS,922
CALLE,MEJORANAS LAS,923
CALLE,NUEVO MUNDO,924
CALLE,PALMERA LA,926
CALLE,VERGARA (URB.TORRELAGUNA),927
CALLE,MONTANETA LA,933
CALLE,VECINO EL,934
AVDA,ESTUDIANTES LOS,881
CALLE,CHICHARO EL,882
CALLE,HOYA ABAJO (TRV.3),886
CALLE,HOYA ABAJO (TRV.1),887
CMNO,JUAN FERNANDEZ (TRV.2),888
CMNO,MANSOCA,889
ZONA,MONTANAS,891
CMNO,HORNERA LA (PAR.3),893
CALLE,CARDON EL (V.GUERRA),896
CALLE,MENCEY BENTOR,897
CALLE,CRUZ DE MARCA,898
URB,URB. EL DRAGO,899
ZONA,MONTANA LA HIJA,902
CALLE,LOMO GUIRRE (TRV.6),903
PSAJE,A,904
PSAJE,PANADERO EL,906
PLAZA,VIEJOS DE LOS,907
CALLE,RETAMA LA (TRASERA),855
CMNO,ALCARAVANERAS,858
PASEO,VERDENOS LOS,859
CALLE,EUROPA,861
PLAZA,LOS BATANES-CASAS DE HELERAS,862
CALLE,CONCHA DE LA,863
CALLE,CERNICALO EL,864
CALLE,TOMILLO EL,867
CTRA,CTRA.GENERAL LA CUESTA (TRV.3),868
CTRA,CTRA.GENERAL LA CUESTA (TRV.2),869
CTRA,CTRA.GENERAL LA CUESTA (TRV.1),871
ZONA,FINCA LA MEDIANA,872
CALLE,ESCALERAS,873
CMNO,PELADERO,874
CALLE,ALJIBE EL,876
CALLE,FRESON EL (TRASERA),877
URB,URB. PRINCIPE RUYMAN  IV FASE,878
CALLE,ERNESTO CHE GUEVARA,879
CMNO,BARRANCO EL RODEO (PROLONG.),832
BRANC,BARRANCO SANTOS,835
AVDA,PROGRESO EL (PROLONGACION),844
CALLE,TITAN,846
CALLE,DOMINGO GONZALEZ PEREZ,847
CMNO,CALLEJONES LOS (VALLES),849
CMNO,CHINILLAS,851
ZONA,COSTA DEL VALLE,852
CMNO,RINCON,6645
CMNO,HORNO CAMINO,6335
CMNO,PULPITO EL,6425
FCA,FINCA LOS PINOS,6120
FCA,FINCA LOS PINOS,6125
CMNO,PINOS LOS (JARDINA),6130
CLLON,PINEIRO,6200
ZONA,PICO BAJO,6015
CALLE,MANCHON EL,808
CMNO,MEDIO EL (TRV.22 IZDA.),819
CALLE,PLAYA LA,790
CLLON,DIAZ CONDE (PARALELA),757
CALLE,LUZ ESTELAR,739
CALLE,LUZ ZODIACAL,704
CMNO,BARBADO,9970
URB,URB. FINCA PACHO,9971
CALLE,SAN LAZARO (GAVIAS),9974
URB,URB. TORRELAGUNA,9975
PSAJE,TAJEA  LA,9978
CMNO,PORTEZUELO (TRV.3),9984
URB,URB. IRIS,9999
CALLE,ALBACETE,1154
PLAZA,DOCTOR ALVARO DEL RIO,1504
CMNO,PULPITO EL,9593
CALLE,CUSTODIOS LOS,9594
URB,URB. TEJINA (GENETO),9850
URB,URB. VISTALMON,9070
CALLE,A VISTAMAR,9085
LUGAR,VIVERO FORESTAL,9095
CMNO,VEREDA DEL MAJANO,8870
URB,URB. VERNETTA,8885
PSAJE,HARIA,8985
CALLE,LUZ GALACTICA,722
CALLE,MARTIN LUTHER KING,669
URB,URB. LOS VALOS,636
CALLE,HIPOLITO JORGE DORTA,652
CMNO,SUERTE DE LAS ERAS,8140
LUGAR,SEMINARIO VIEJO,7915
CMNO,SERVENTIA LA,7920
PSAJE,SANTIAGO (TRASERA),7780
BDA,SAN SEBASTIAN,7555
ZONA,SANTA MARIA DE GRACIA,7655
CALLE,HORNERA LA (TRV.14),1058
CALLE,PEATONAL FRAGUA,165
CMNO,HERRERA LA,179
CMNO,RODEO BAJO,142
PSAJE,MILAN,145
CALLE,PUNTAGORDA,37
BARRO,CANDELARIA LA,1385
ZONA,CANTERAS LAS,1425
CALLE,PASERO  EL,1149
ZONA,OFRA,5445
PSAJE,YBALLA,352
PSAJE,PARED CHICA,353
CMNO,PIMENTERA (LA),354
CALLE,ALTO (EL),355
CALLE,DELFIN (EL),356
CMNO,CHO PRUDENCIO,357
CALLE,AIRAM LOS RODEOS,358
CMNO,MAR (LA),359
CALLE,ALVARADO Y BRACAMONTE,360
CMNO,HOROSCOPOS (LOS),361
CMNO,BOLIGANES (LOS),362
PSAJE,AVE MARIA,363
CALLE,SAN CARLOS,364
CALLE,ALVARO MARTIN DIAZ,365
CALLE,DAMARA,366
CALLE,IGLESIA (LA) LOS BALDIOS,367
CALLE,SAGRADA FAMILIA,368
TRVAL,LUNA (LA) PRIMERA DERECHA,369
CLLON,AMADOR,370
TRVAL,AVENA (LA) PRIMERA DERECHA,371
TRVAL,MANTECAS (LAS) PRIMERA IZQUIERDA,372
CMNO,PERAL (EL),374
TRVAL,CESAR MANRIQUE PRIMERA IZQUIERDA,376
TRVAL,ALFONSO GARCIA RAMOS PRIMERA DERECHA,378
TRVAL,ANDENES (LOS) PRIMERA IZQUIERDA,384
TRVAL,JOSE DOMINGUEZ DORTA PRIMERA DERECHA,393
TRVAL,PITERITA (LA) PRIMERA IZQUIERDA,396
TRVAL,MAJUELOS (LOS) PRIMERA DERECHA,398
TRVAL,SAN MIGUEL DE GENETO PRIMERA IZQUIERDA,421
TRVAL,SAN MIGUEL DE GENETO SEXTA IZQUIERDA,422
TRVAL,SAN MIGUEL DE GENETO SEPTIMA IZQUIERDA,426
TRVAL,SANTA TERESA PRIMERA IZQUIERDA,429
TRVAL,SANTA TERESA SEGUNDA IZQUIERDA,431
TRVAL,SANTA TERESA TERCERA IZQUIERDA,432
TRVAL,SAN BARTOLOME DE GENETO NOVENA DERECHA,447
TRVAL,SAN BARTOLOME DE GENETO SEGUNDA DERECHA,449
CALLE,JUAN RAMON JIMENEZ LOS ANDENES,162
TRVAL,MERCEDES (LAS) PRIMERA IZQUIERDA,668
TRVAL,MERCEDES (LAS) SEGUNDA IZQUIERDA,672
TRVAL,TRICIADA (LA) PRIMERA IZQUIERDA,673
TRVAL,DEGOLLADA (LA) PRIMERA IZQUIERDA,681
TRVAL,DEGOLLADA (LA) PRIMERA DERECHA,682
TRVAL,MARCOS REDONDO PRIMERA IZQUIERDA,689
TRVAL,SAN MIGUEL DE GENETO DECIMA IZQUIERDA,702
TRVAL,ANDRES SEGOVIA PRIMERA IZQUIERDA,709
CLLON,COLEGIO RAMIRO DE MAETZU,719
TRVAL,SAN MIGUEL DE GENETO ONCE IZQUIERDA,724
TRVAL,SAN MIGUEL DE GENETO CUARTA DERECHA,726
TRVAL,CARPINTERO PRIMERA IZQUIERDA,727
TRVAL,VALLE TABARES QUINTA DERECHA,728
TRVAL,VALLE TABARES QUINTA IZQUIERDA,731
TRVAL,SAN FRANCISCO DE PAULA CATORCE DERECHA,771
TRVAL,SAN FRANCISCO DE PAULA DIECISEIS DERECHA,776
CALLE,SAN BARTOLOME DE GENETO (TRV.5),1108
CALLE,SAN BARTOLOME DE GENETO (TRV.6),1109
CTRA,CTRA.ANTIGUA EL PORTEZUELO (TRV.1),2211
CTRA,CTRA.ANTIGUA EL PORTEZUELO (TRV.2),2214
CALLE,CTRA.PUNTA DEL HIDALGO (TRV.5),1046
CALLE,CTRA.PUNTA DEL HIDALGO (TRV.7),1048
CALLE,ALBERTO EINSTEIN (PROLONGACION),1186
CTRA,CTRA.GENERAL SAN MIGUEL DE GENETO,3230
